dataset,seed,method,ensemble_type,ensemble_size,ensemble_unique_size,nll_test,c1,c2,epi_scalar,ensemble_time,calibration_time,path,threshold,set_size,auc,aurac,aorac,ece,brier_score,conformal_coverage,conformal_set_size
imdb,0,pure_logits,greedy_5_baseline,5,5,0.1149728223681449,,,,0.1274385452270507,0.0,llm_experiments_data/arrays/extended_imdb_0_pure_logits_greedy_5_baseline_2025-09-23.npz,0.9855933637950631,1.10656,0.9932418336000001,0.9857826822410496,0.01421731775895041,0.015637482652664184,0.05486839187922005,1.0,1.988
imdb,0,pure_logits,greedy_50_baseline,50,19,0.1030757054686546,,,,0.1274385452270507,0.0,llm_experiments_data/arrays/extended_imdb_0_pure_logits_greedy_50_baseline_2025-09-23.npz,0.9428485727976632,1.10484,0.9911197216,0.9836921667602381,0.016307833239761926,0.0035138690805434896,0.051328589572566086,1.0,1.9858
imdb,0,pure_logits,greedy_50_temp_pool_then_calibrate,50,19,0.1030492857098579,1.0163265306122449,,,0.1274385452270507,0.0122811794281005,llm_experiments_data/arrays/extended_imdb_0_pure_logits_greedy_50_temp_pool_then_calibrate_2025-09-23.npz,0.9428485727976632,1.1076,0.991119744,0.9836921667602381,0.016307833239761926,0.0045679602384567156,0.05132844581317502,1.0,1.9858
imdb,0,pure_logits,greedy_5_temp_pool_then_calibrate,5,5,0.103531502187252,1.4571428571428573,,,0.1274385452270507,0.0085086822509765,llm_experiments_data/arrays/extended_imdb_0_pure_logits_greedy_5_temp_pool_then_calibrate_2025-09-23.npz,0.947060595353925,1.10616,0.9932418399999998,0.9857836251924876,0.014216374807512366,0.010784745342731463,0.05522692053594191,1.0,1.988
imdb,0,pure_logits,greedy_50_temp_calibrate_then_pool,50,19,0.0977856516838073,1.7804581424406498,0.0,1.0,0.1274385452270507,9.840031623840332,llm_experiments_data/arrays/extended_imdb_0_pure_logits_greedy_50_temp_calibrate_then_pool_2025-09-23.npz,0.9509621946209896,1.08748,0.9939596928000002,0.9863626881860448,0.013637311813955222,0.006272453458309167,0.0508596542288019,1.0,1.97975
imdb,0,pure_logits,greedy_5_temp_calibrate_then_pool,5,5,0.1006625220179557,1.6980924614743858,0.0,1.0,0.1274385452270507,1.2738196849822998,llm_experiments_data/arrays/extended_imdb_0_pure_logits_greedy_5_temp_calibrate_then_pool_2025-09-23.npz,0.9509621946209896,1.10196,0.9934939808000001,0.9856877241383181,0.014312275861681933,0.005191661128997806,0.05261848150161264,0.9999,1.9803
imdb,0,pure_logits,greedy_5_post_calib,5,5,0.1006988659501075,1.6423157017909205,0.4298209079550187,1.0,0.1274385452270507,13.318891763687134,llm_experiments_data/arrays/extended_imdb_0_pure_logits_greedy_5_post_calib_2025-09-23.npz,0.9509621946209896,1.10292,0.9934062496,0.9856744476531746,0.014325552346825421,0.0028231636214255972,0.05274565263548972,0.9999,1.97985
imdb,0,pure_logits,greedy_50_post_calib,50,19,0.0971838608384132,1.53076218242399,0.614743856726364,1.0,0.1274385452270507,34.18794250488281,llm_experiments_data/arrays/extended_imdb_0_pure_logits_greedy_50_post_calib_2025-09-23.npz,0.947060595353925,1.09612,0.9931797888,0.9856426274834353,0.01435737251656466,0.003886437060832958,0.050645390032384247,1.0,1.9828
imdb,1,pure_logits,greedy_5_baseline,5,5,0.1155015230178833,,,,0.1011195182800293,0.0,llm_experiments_data/arrays/extended_imdb_1_pure_logits_greedy_5_baseline_2025-09-23.npz,0.992191306592376,1.09372,0.9937293744074037,0.9861278677191443,0.013872132280855709,0.015171232542991648,0.0526311889659536,1.0,1.98435
imdb,1,pure_logits,greedy_50_baseline,50,18,0.1034343913197517,,,,0.1011195182800293,0.0,llm_experiments_data/arrays/extended_imdb_1_pure_logits_greedy_50_baseline_2025-09-23.npz,0.9579239491627013,1.11524,0.9910968269307643,0.9837534906872707,0.016246509312729307,0.003771661641597734,0.051363411967248175,1.0,1.9811
imdb,1,pure_logits,greedy_50_temp_pool_then_calibrate,50,18,0.1030050814151763,1.0714285714285714,,,0.1011195182800293,0.0104255676269531,llm_experiments_data/arrays/extended_imdb_1_pure_logits_greedy_50_temp_pool_then_calibrate_2025-09-23.npz,0.947060595353925,1.11128,0.9910968173306933,0.9837534906872707,0.016246509312729307,0.0032523998045921277,0.05133919190838582,1.0,1.9811
imdb,1,pure_logits,greedy_5_temp_pool_then_calibrate,5,5,0.0983807742595672,1.5673469387755103,,,0.1011195182800293,0.0076947212219238,llm_experiments_data/arrays/extended_imdb_1_pure_logits_greedy_5_temp_pool_then_calibrate_2025-09-23.npz,0.9579239491627013,1.09556,0.9937293712073798,0.9861278677191443,0.013872132280855709,0.005178840737342812,0.05167250986254545,1.0,1.98425
imdb,1,pure_logits,greedy_50_temp_calibrate_then_pool,50,18,0.0980682745575904,1.795052061640983,0.0,1.0,0.1011195182800293,6.092376708984375,llm_experiments_data/arrays/extended_imdb_1_pure_logits_greedy_50_temp_calibrate_then_pool_2025-09-23.npz,0.954576248590888,1.09324,0.9938115542154028,0.9862106194066754,0.013789380593324574,0.006574837055206249,0.05088999999871956,1.0,1.9839
imdb,1,pure_logits,greedy_5_temp_calibrate_then_pool,5,5,0.0995601043105125,1.7804581424406498,0.0,1.0,0.1011195182800293,1.2873940467834473,llm_experiments_data/arrays/extended_imdb_1_pure_logits_greedy_5_temp_calibrate_then_pool_2025-09-23.npz,0.9579239491627013,1.0926,0.9938454456661452,0.9862495056210112,0.013750494378988787,0.006775319600105266,0.05151479067873739,1.0,1.98365
imdb,1,pure_logits,greedy_5_post_calib,5,5,0.097522459924221,1.4077634319033736,1.814244064972928,1.0,0.1011195182800293,14.117453813552856,llm_experiments_data/arrays/extended_imdb_1_pure_logits_greedy_5_post_calib_2025-09-23.npz,0.9509621946209896,1.0978,0.9934506779454958,0.9858452042860267,0.014154795713973267,0.003137879614830058,0.05117789803360123,1.0,1.98405
imdb,1,pure_logits,greedy_50_post_calib,50,18,0.0975896790623664,1.535360266555602,0.6697209496043316,1.0,0.1011195182800293,13.891727924346924,llm_experiments_data/arrays/extended_imdb_1_pure_logits_greedy_50_post_calib_2025-09-23.npz,0.9509621946209896,1.10496,0.9928824081412085,0.9854834586969089,0.014516541303091102,0.0027879432916641184,0.050633152630066555,1.0,1.9825
imdb,2,pure_logits,greedy_5_baseline,5,5,0.1148613765835762,,,,0.1038947105407714,0.0,llm_experiments_data/arrays/extended_imdb_2_pure_logits_greedy_5_baseline_2025-09-23.npz,0.9885496566989003,1.09592,0.9936989271673133,0.9861212479091997,0.01387875209080025,0.01600844338417055,0.054099826909898854,1.0,1.9857
imdb,2,pure_logits,greedy_50_baseline,50,15,0.1020261943340301,,,,0.1038947105407714,0.0,llm_experiments_data/arrays/extended_imdb_2_pure_logits_greedy_50_baseline_2025-09-23.npz,0.947060595353925,1.1078,0.9911494599356543,0.9837227341303949,0.016277265869605095,0.002746486842632256,0.051258581440689024,1.0,1.98955
imdb,2,pure_logits,greedy_50_temp_pool_then_calibrate,50,15,0.102026529610157,1.0714285714285714,,,0.1038947105407714,0.0098152160644531,llm_experiments_data/arrays/extended_imdb_2_pure_logits_greedy_50_temp_pool_then_calibrate_2025-09-23.npz,0.9383014287164605,1.10932,0.9911494663356584,0.9837227341303949,0.016277265869605095,0.00407591022729872,0.05127201416134645,1.0,1.98955
imdb,2,pure_logits,greedy_5_temp_pool_then_calibrate,5,5,0.1007403060793876,1.5122448979591838,,,0.1038947105407714,0.0095963478088378,llm_experiments_data/arrays/extended_imdb_2_pure_logits_greedy_5_temp_pool_then_calibrate_2025-09-23.npz,0.9509621946209896,1.09684,0.9936989335673175,0.9861212479091997,0.01387875209080025,0.006961682982444751,0.05332559853449378,1.0,1.9856
imdb,2,pure_logits,greedy_50_temp_calibrate_then_pool,50,15,0.0970130041241645,1.7804581424406498,0.0,1.0,0.1038947105407714,5.790647745132446,llm_experiments_data/arrays/extended_imdb_2_pure_logits_greedy_50_temp_calibrate_then_pool_2025-09-23.npz,0.947060595353925,1.0898,0.9939504473282863,0.9862231415588483,0.01377685844115173,0.007209370734691626,0.05034638223838143,1.0,1.983
imdb,2,pure_logits,greedy_5_temp_calibrate_then_pool,5,5,0.1005926430225372,1.7114369012911288,0.0,1.0,0.1038947105407714,1.2738680839538574,llm_experiments_data/arrays/extended_imdb_2_pure_logits_greedy_5_temp_calibrate_then_pool_2025-09-23.npz,0.954576248590888,1.09752,0.9938787352823906,0.986188005281993,0.013811994718006981,0.007377675349712358,0.052043913564131836,1.0,1.9821
imdb,2,pure_logits,greedy_5_post_calib,5,5,0.0998461842536926,1.4511953352769682,1.5993336109954186,1.0,0.1038947105407714,2.5493252277374268,llm_experiments_data/arrays/extended_imdb_2_pure_logits_greedy_5_post_calib_2025-09-23.npz,0.9428485727976632,1.09696,0.9936189175161071,0.9860491217406989,0.01395087825930108,0.005021831479072535,0.052778963421013805,1.0,1.98575
imdb,2,pure_logits,greedy_50_post_calib,50,15,0.0963173434138298,1.6423157017909205,0.5247813411078717,1.0,0.1038947105407714,16.064687967300415,llm_experiments_data/arrays/extended_imdb_2_pure_logits_greedy_50_post_calib_2025-09-23.npz,0.9383014287164605,1.09296,0.9935981815028361,0.9859666523114848,0.014033347688515163,0.004717726094722757,0.05024294292705889,1.0,1.98475
imdb,3,pure_logits,greedy_5_baseline,5,5,0.1178968921303749,,,,0.0989115238189697,0.0,llm_experiments_data/arrays/extended_imdb_3_pure_logits_greedy_5_baseline_2025-09-23.npz,0.9885496566989003,1.1086,0.9929577290364321,0.9855251371200042,0.014474862879995776,0.01575205338001247,0.05556464419177586,1.0,1.98655
imdb,3,pure_logits,greedy_50_baseline,50,19,0.1088101491332054,,,,0.0989115238189697,0.0,llm_experiments_data/arrays/extended_imdb_3_pure_logits_greedy_50_baseline_2025-09-23.npz,0.9579239491627013,1.12536,0.9914354310589413,0.9843763147406392,0.015623685259360753,0.007687374053001454,0.05215554208110401,1.0,1.98375
imdb,3,pure_logits,greedy_50_temp_pool_then_calibrate,50,19,0.1058697625994682,1.126530612244898,,,0.0989115238189697,0.0101017951965332,llm_experiments_data/arrays/extended_imdb_3_pure_logits_greedy_50_temp_pool_then_calibrate_2025-09-23.npz,0.9428485727976632,1.13264,0.9914354694593546,0.9843774795630039,0.015622520436996079,0.004555615024566663,0.052133618216185916,1.0,1.98375
imdb,3,pure_logits,greedy_5_temp_pool_then_calibrate,5,5,0.105005607008934,1.4020408163265308,,,0.0989115238189697,0.0095829963684082,llm_experiments_data/arrays/extended_imdb_3_pure_logits_greedy_5_temp_pool_then_calibrate_2025-09-23.npz,0.9610249264065008,1.10952,0.992957751436673,0.9855251371200042,0.014474862879995776,0.01140296235561375,0.055613136878318745,1.0,1.9865
imdb,3,pure_logits,greedy_50_temp_calibrate_then_pool,50,19,0.0995146557688713,1.7397251145356103,0.0,1.0,0.0989115238189697,12.696752786636353,llm_experiments_data/arrays/extended_imdb_3_pure_logits_greedy_50_temp_calibrate_then_pool_2025-09-23.npz,0.9579239491627013,1.093,0.9935414217160314,0.9859399361122589,0.014060063887741059,0.0066788425731658715,0.05169889520000445,1.0,1.98375
imdb,3,pure_logits,greedy_5_temp_calibrate_then_pool,5,5,0.1031830087304115,1.657009579341941,0.0,1.0,0.0989115238189697,37.16633057594299,llm_experiments_data/arrays/extended_imdb_3_pure_logits_greedy_5_temp_calibrate_then_pool_2025-09-23.npz,0.9610249264065008,1.10664,0.993117029950255,0.9856704619611472,0.01432953803885284,0.007182417871952052,0.05404826724077853,1.0,1.98485
imdb,3,pure_logits,greedy_5_post_calib,5,5,0.1030147820711135,1.6290712203248647,0.326530612244898,1.0,0.0989115238189697,2.563664197921753,llm_experiments_data/arrays/extended_imdb_3_pure_logits_greedy_5_post_calib_2025-09-23.npz,0.9610249264065008,1.10712,0.9930797879495905,0.9856557698467598,0.014344230153240156,0.006199677045345327,0.053963287907065775,1.0,1.98565
imdb,3,pure_logits,greedy_50_post_calib,50,19,0.0991458222270011,1.53076218242399,0.6397334443981675,1.0,0.0989115238189697,18.334806203842163,llm_experiments_data/arrays/extended_imdb_3_pure_logits_greedy_50_post_calib_2025-09-23.npz,0.9509621946209896,1.10636,0.9926662123001784,0.9852994148103915,0.014700585189608484,0.006039988727569602,0.05138871764871938,1.0,1.98385
imdb,4,pure_logits,greedy_5_baseline,5,5,0.122335098683834,,,,0.1000404357910156,0.0,llm_experiments_data/arrays/extended_imdb_4_pure_logits_greedy_5_baseline_2025-09-23.npz,0.992191306592376,1.09308,0.9935110521355315,0.9859904463908261,0.014009553609173886,0.017315869352817568,0.05484371155365334,1.0,1.9854
imdb,4,pure_logits,greedy_50_baseline,50,14,0.1074721291661262,,,,0.1000404357910156,0.0,llm_experiments_data/arrays/extended_imdb_4_pure_logits_greedy_50_baseline_2025-09-23.npz,0.9579239491627013,1.11416,0.9906149942389754,0.983564856504251,0.01643514349574904,0.005173490259647402,0.05334408032315829,1.0,1.98305
imdb,4,pure_logits,greedy_50_temp_pool_then_calibrate,50,14,0.1072030439972877,1.0163265306122449,,,0.1000404357910156,0.0105204582214355,llm_experiments_data/arrays/extended_imdb_4_pure_logits_greedy_50_temp_pool_then_calibrate_2025-09-23.npz,0.954576248590888,1.10916,0.9906150070389766,0.983564856504251,0.01643514349574904,0.004157536711692858,0.05331708084275673,1.0,1.98305
imdb,4,pure_logits,greedy_5_temp_pool_then_calibrate,5,5,0.1014102846384048,1.5122448979591838,,,0.1000404357910156,0.0076649188995361,llm_experiments_data/arrays/extended_imdb_4_pure_logits_greedy_5_temp_pool_then_calibrate_2025-09-23.npz,0.9610249264065008,1.09328,0.9935110905355358,0.9859904463908261,0.014009553609173886,0.008392656030654921,0.05337755200971712,1.0,1.9854
imdb,4,pure_logits,greedy_50_temp_calibrate_then_pool,50,14,0.1013219058513641,1.657009579341941,0.0,1.0,0.1000404357910156,5.932125806808472,llm_experiments_data/arrays/extended_imdb_4_pure_logits_greedy_50_temp_calibrate_then_pool_2025-09-23.npz,0.9610249264065008,1.09576,0.9936475705495111,0.9860724021885409,0.013927597811459136,0.008922292895317116,0.05304093786142083,1.0,1.98385
imdb,4,pure_logits,greedy_5_temp_calibrate_then_pool,5,5,0.1026538833975792,1.7114369012911288,0.0,1.0,0.1000404357910156,6.030805826187134,llm_experiments_data/arrays/extended_imdb_4_pure_logits_greedy_5_temp_calibrate_then_pool_2025-09-23.npz,0.9638973636691187,1.09736,0.9936737945521966,0.9860831605803286,0.013916839419671367,0.009066183047294604,0.05360124849016759,1.0,1.98365
imdb,4,pure_logits,greedy_5_post_calib,5,5,0.1012125760316848,1.5184173261141192,1.1895043731778423,1.0,0.1000404357910156,2.53559947013855,llm_experiments_data/arrays/extended_imdb_4_pure_logits_greedy_5_post_calib_2025-09-23.npz,0.9638973636691187,1.09736,0.9935274553372114,0.9859986627997077,0.014001337200292285,0.007152657868862105,0.05316188577930995,1.0,1.9855
imdb,4,pure_logits,greedy_50_post_calib,50,14,0.1013088077306747,1.4192086630570595,0.6097459391920034,1.0,0.1000404357910156,11.236779928207396,llm_experiments_data/arrays/extended_imdb_4_pure_logits_greedy_50_post_calib_2025-09-23.npz,0.9579239491627013,1.10228,0.9926363928459666,0.9852987490617404,0.01470125093825958,0.007461881725788152,0.05276885888831696,1.0,1.9859
mteb/tweet_sentiment_extraction,0,pure_logits,greedy_5_baseline,5,5,0.5085240006446838,,,,4.590924739837647,0.0,llm_experiments_data/arrays/extended_mteb_tweet_sentiment_extraction_0_pure_logits_greedy_5_baseline_2025-09-23.npz,0.9804316278758956,2.413978494623656,0.9290633270075307,0.9066999582004225,0.09330004179957752,0.024754308935741823,0.28168347601056487,0.9996463932107497,2.8673974540311176
mteb/tweet_sentiment_extraction,0,pure_logits,greedy_50_baseline,50,21,0.4772296249866485,,,,4.590924739837647,0.0,llm_experiments_data/arrays/extended_mteb_tweet_sentiment_extraction_0_pure_logits_greedy_50_baseline_2025-09-23.npz,0.9690227498992263,2.1723259762309,0.9368018379395576,0.9174950269338471,0.0825049730661529,0.03351194208701857,0.27302437204942087,0.9985855728429985,2.626944837340877
mteb/tweet_sentiment_extraction,0,pure_logits,greedy_50_temp_pool_then_calibrate,50,21,0.4756306111812591,1.0714285714285714,,,4.590924739837647,0.0089921951293945,llm_experiments_data/arrays/extended_mteb_tweet_sentiment_extraction_0_pure_logits_greedy_50_temp_pool_then_calibrate_2025-09-23.npz,0.9610249264065008,2.1661007357102435,0.9368225785097898,0.917528046939206,0.08247195306079402,0.025865168197383045,0.2715013994446972,0.9985855728429985,2.6407355021216405
mteb/tweet_sentiment_extraction,0,pure_logits,greedy_5_temp_pool_then_calibrate,5,5,0.5069676637649536,1.0714285714285714,,,4.590924739837647,0.0090553760528564,llm_experiments_data/arrays/extended_mteb_tweet_sentiment_extraction_0_pure_logits_greedy_5_temp_pool_then_calibrate_2025-09-23.npz,0.9753793916128501,2.4193548387096775,0.9290695234186525,0.9067197252154624,0.0932802747845376,0.027229209251840976,0.2816774492904298,0.9996463932107497,2.8684582743988685
mteb/tweet_sentiment_extraction,0,pure_logits,greedy_50_temp_calibrate_then_pool,50,21,0.4708002209663391,1.6423157017909205,0.0,1.0,4.590924739837647,8.206713676452637,llm_experiments_data/arrays/extended_mteb_tweet_sentiment_extraction_0_pure_logits_greedy_50_temp_calibrate_then_pool_2025-09-23.npz,0.9428485727976632,2.020656479909451,0.9415639636146627,0.9262935464289581,0.07370645357104189,0.04149786216361278,0.26877233918778237,0.9985855728429985,2.573196605374823
mteb/tweet_sentiment_extraction,0,pure_logits,greedy_5_temp_calibrate_then_pool,5,5,0.4807940423488617,1.53076218242399,0.0,1.0,4.590924739837647,1.6397099494934082,llm_experiments_data/arrays/extended_mteb_tweet_sentiment_extraction_0_pure_logits_greedy_5_temp_calibrate_then_pool_2025-09-23.npz,0.9579239491627013,2.214204867006225,0.9379113993176187,0.9208516651220418,0.07914833487795825,0.030359081261968894,0.2734393730730333,0.998939179632249,2.6831683168316833
mteb/tweet_sentiment_extraction,0,pure_logits,greedy_5_post_calib,5,5,0.4809848666191101,1.5060724698042485,0.2448979591836734,1.0,4.590924739837647,3.2320878505706787,llm_experiments_data/arrays/extended_mteb_tweet_sentiment_extraction_0_pure_logits_greedy_5_post_calib_2025-09-23.npz,0.9610249264065008,2.257215619694397,0.9375954362587753,0.9202552172681663,0.07974478273183372,0.02785694485305728,0.27347846826291117,0.998939179632249,2.718882602545969
mteb/tweet_sentiment_extraction,0,pure_logits,greedy_50_post_calib,50,21,0.4686969518661499,1.4393002915451896,0.6547271970012495,1.0,4.590924739837647,24.458659410476685,llm_experiments_data/arrays/extended_mteb_tweet_sentiment_extraction_0_pure_logits_greedy_50_post_calib_2025-09-23.npz,0.9509621946209896,2.0512167515563102,0.9404750961557914,0.9238375424651475,0.07616245753485251,0.0384756247151957,0.26870015401046254,0.9985855728429985,2.572842998585573
mteb/tweet_sentiment_extraction,1,pure_logits,greedy_5_baseline,5,5,0.5095067620277405,,,,0.0948724746704101,0.0,llm_experiments_data/arrays/extended_mteb_tweet_sentiment_extraction_1_pure_logits_greedy_5_baseline_2025-09-23.npz,0.9855933637950631,2.2736276174306735,0.934845249918851,0.9096469903512447,0.09035300964875526,0.038333906534369806,0.27869575135249086,0.9985855728429985,2.798090523338048
mteb/tweet_sentiment_extraction,1,pure_logits,greedy_50_baseline,50,23,0.4770248830318451,,,,0.0948724746704101,0.0,llm_experiments_data/arrays/extended_mteb_tweet_sentiment_extraction_1_pure_logits_greedy_50_baseline_2025-09-23.npz,0.9690227498992263,2.199773627617431,0.9369353206473603,0.9158784078673936,0.0841215921326064,0.024208943791219437,0.27075797928907086,0.998939179632249,2.757425742574257
mteb/tweet_sentiment_extraction,1,pure_logits,greedy_50_temp_pool_then_calibrate,50,23,0.4765161573886871,1.0714285714285714,,,0.0948724746704101,0.0102887153625488,llm_experiments_data/arrays/extended_mteb_tweet_sentiment_extraction_1_pure_logits_greedy_50_temp_pool_then_calibrate_2025-09-23.npz,0.9638973636691187,2.229202037351443,0.9369683244756878,0.9160306854239558,0.08396931457604417,0.024164095773964063,0.26976898039362907,0.998939179632249,2.764144271570014
mteb/tweet_sentiment_extraction,1,pure_logits,greedy_5_temp_pool_then_calibrate,5,5,0.5042905211448669,1.126530612244898,,,0.0948724746704101,0.0094611644744873,llm_experiments_data/arrays/extended_mteb_tweet_sentiment_extraction_1_pure_logits_greedy_5_temp_pool_then_calibrate_2025-09-23.npz,0.9771939142407526,2.248443689869836,0.9347352591141966,0.9098414561450724,0.09015854385492761,0.03225005683280953,0.27830207609507646,0.9985855728429985,2.7906647807637905
mteb/tweet_sentiment_extraction,1,pure_logits,greedy_50_temp_calibrate_then_pool,50,23,0.4692703485488891,1.6290712203248647,0.0,1.0,0.0948724746704101,8.284047603607178,llm_experiments_data/arrays/extended_mteb_tweet_sentiment_extraction_1_pure_logits_greedy_50_temp_calibrate_then_pool_2025-09-23.npz,0.9428485727976632,2.006508205998868,0.9415602411568985,0.9259691366591923,0.07403086334080766,0.042753544916996004,0.26764317942378657,0.9982319660537482,2.567185289957567
mteb/tweet_sentiment_extraction,1,pure_logits,greedy_5_temp_calibrate_then_pool,5,5,0.4752934277057647,1.573744273219492,0.0,1.0,0.0948724746704101,17.512184381484985,llm_experiments_data/arrays/extended_mteb_tweet_sentiment_extraction_1_pure_logits_greedy_5_temp_calibrate_then_pool_2025-09-23.npz,0.9428485727976632,2.0407470288624787,0.9399267434941104,0.9221501480933829,0.07784985190661708,0.037430728104199534,0.27028009808267134,0.9982319660537482,2.6615983026874117
mteb/tweet_sentiment_extraction,1,pure_logits,greedy_5_post_calib,5,5,0.4754492342472076,1.5481549354435653,0.2448979591836734,1.0,0.0948724746704101,3.732641696929932,llm_experiments_data/arrays/extended_mteb_tweet_sentiment_extraction_1_pure_logits_greedy_5_post_calib_2025-09-23.npz,0.9428485727976632,2.0336728919071874,0.9397133926185394,0.9215550469616146,0.07844495303838539,0.034201496053565074,0.2703119406918448,0.9982319660537482,2.663012729844413
mteb/tweet_sentiment_extraction,1,pure_logits,greedy_50_post_calib,50,23,0.467235267162323,1.4511953352769682,0.5847563515201999,1.0,0.0948724746704101,49.96438455581665,llm_experiments_data/arrays/extended_mteb_tweet_sentiment_extraction_1_pure_logits_greedy_50_post_calib_2025-09-23.npz,0.9509621946209896,2.0534804753820035,0.9407784341816701,0.9237147752504838,0.07628522474951616,0.036162266858769596,0.26719397732348216,0.9982319660537482,2.6333097595473833
mteb/tweet_sentiment_extraction,2,pure_logits,greedy_5_baseline,5,5,0.4976391792297363,,,,0.0964767932891845,0.0,llm_experiments_data/arrays/extended_mteb_tweet_sentiment_extraction_2_pure_logits_greedy_5_baseline_2025-09-23.npz,0.9804316278758956,2.43350311262026,0.9314046892508365,0.9087807909804045,0.09121920901959546,0.024986377790207667,0.27504912371534945,0.9992927864214993,2.8341584158415842
mteb/tweet_sentiment_extraction,2,pure_logits,greedy_50_baseline,50,23,0.4738423824310303,,,,0.0964767932891845,0.0,llm_experiments_data/arrays/extended_mteb_tweet_sentiment_extraction_2_pure_logits_greedy_50_baseline_2025-09-23.npz,0.9753793916128501,2.32088285229202,0.936693719732232,0.9137641726061754,0.08623582739382463,0.021270879974929213,0.2671989292594304,0.9975247524752475,2.6456859971711455
mteb/tweet_sentiment_extraction,2,pure_logits,greedy_50_temp_pool_then_calibrate,50,23,0.4736723005771637,1.0163265306122449,,,0.0964767932891845,0.0114471912384033,llm_experiments_data/arrays/extended_mteb_tweet_sentiment_extraction_2_pure_logits_greedy_50_temp_pool_then_calibrate_2025-09-23.npz,0.9734204999598582,2.309564233163554,0.9367032704706872,0.9137904835651531,0.08620951643484687,0.02083563741378752,0.2670019403452007,0.9975247524752475,2.646039603960396
mteb/tweet_sentiment_extraction,2,pure_logits,greedy_5_temp_pool_then_calibrate,5,5,0.4971521198749542,1.0714285714285714,,,0.0964767932891845,0.0118372440338134,llm_experiments_data/arrays/extended_mteb_tweet_sentiment_extraction_2_pure_logits_greedy_5_temp_pool_then_calibrate_2025-09-23.npz,0.9753793916128501,2.437181663837012,0.9314293347966417,0.9087833927053246,0.0912166072946754,0.025148132441741425,0.27543816449321257,0.9992927864214993,2.8299151343705797
mteb/tweet_sentiment_extraction,2,pure_logits,greedy_50_temp_calibrate_then_pool,50,23,0.4690310955047607,1.6555601832569764,0.0,1.0,0.0964767932891845,16.75113081932068,llm_experiments_data/arrays/extended_mteb_tweet_sentiment_extraction_2_pure_logits_greedy_50_temp_calibrate_then_pool_2025-09-23.npz,0.9428485727976632,2.0407470288624787,0.9411109709033832,0.9255276048290312,0.07447239517096882,0.03399897085520665,0.2655534439870901,0.9971711456859972,2.5724893917963225
mteb/tweet_sentiment_extraction,2,pure_logits,greedy_5_temp_calibrate_then_pool,5,5,0.4765774309635162,1.535360266555602,0.0,1.0,0.0964767932891845,1.7006855010986328,llm_experiments_data/arrays/extended_mteb_tweet_sentiment_extraction_2_pure_logits_greedy_5_temp_calibrate_then_pool_2025-09-23.npz,0.9509621946209896,2.128466327108093,0.9387591359937408,0.921750110676686,0.078249889323314,0.03225608170875803,0.2703524826089323,0.9992927864214993,2.7043847241867045
mteb/tweet_sentiment_extraction,2,pure_logits,greedy_5_post_calib,5,5,0.4765148460865021,1.53076218242399,0.163265306122449,1.0,0.0964767932891845,4.0783984661102295,llm_experiments_data/arrays/extended_mteb_tweet_sentiment_extraction_2_pure_logits_greedy_5_post_calib_2025-09-23.npz,0.9509621946209896,2.1338426711941145,0.9386861000449396,0.9215001907713816,0.07849980922861843,0.0286474490172457,0.2702346144943771,0.9992927864214993,2.7103960396039604
mteb/tweet_sentiment_extraction,2,pure_logits,greedy_50_post_calib,50,23,0.4665455818176269,1.4511953352769682,0.599750104123282,1.0,0.0964767932891845,22.82037377357483,llm_experiments_data/arrays/extended_mteb_tweet_sentiment_extraction_2_pure_logits_greedy_50_post_calib_2025-09-23.npz,0.9509621946209896,2.058573853989813,0.9403062099207077,0.9230100863295325,0.07698991367046748,0.02525944412429253,0.26500029402071607,0.9975247524752475,2.5717821782178216
mteb/tweet_sentiment_extraction,3,pure_logits,greedy_5_baseline,5,5,0.5257154107093811,,,,0.0988638401031494,0.0,llm_experiments_data/arrays/extended_mteb_tweet_sentiment_extraction_3_pure_logits_greedy_5_baseline_2025-09-23.npz,0.9908993078017677,2.1661007357102435,0.932248968947022,0.9151641717787296,0.08483582822127045,0.05776320277261546,0.28201984551111003,0.9992927864214993,2.8843705799151342
mteb/tweet_sentiment_extraction,3,pure_logits,greedy_50_baseline,50,21,0.4848136305809021,,,,0.0988638401031494,0.0,llm_experiments_data/arrays/extended_mteb_tweet_sentiment_extraction_3_pure_logits_greedy_50_baseline_2025-09-23.npz,0.9734204999598582,2.2439162422184493,0.934640193481001,0.9130203474338409,0.08697965256615914,0.02937462187177662,0.27473116014428595,0.9992927864214993,2.8295615275813297
mteb/tweet_sentiment_extraction,3,pure_logits,greedy_50_temp_pool_then_calibrate,50,21,0.4842931032180786,1.0163265306122449,,,0.0988638401031494,0.0123233795166015,llm_experiments_data/arrays/extended_mteb_tweet_sentiment_extraction_3_pure_logits_greedy_50_temp_pool_then_calibrate_2025-09-23.npz,0.9713057528362042,2.233446519524618,0.9346420326298266,0.9129872550448366,0.08701274495516342,0.026850105580058417,0.2743938126756016,0.9992927864214993,2.8295615275813297
mteb/tweet_sentiment_extraction,3,pure_logits,greedy_5_temp_pool_then_calibrate,5,5,0.4929020404815674,1.4020408163265308,,,0.0988638401031494,0.0083847045898437,llm_experiments_data/arrays/extended_mteb_tweet_sentiment_extraction_3_pure_logits_greedy_5_temp_pool_then_calibrate_2025-09-23.npz,0.9665581041966967,2.1774193548387095,0.9322445213273028,0.9149139219331893,0.08508607806681068,0.030302344825082938,0.2773196326143799,0.9992927864214993,2.8734087694483734
mteb/tweet_sentiment_extraction,3,pure_logits,greedy_50_temp_calibrate_then_pool,50,21,0.478135347366333,1.615826738858809,0.0,1.0,0.0988638401031494,8.171123027801514,llm_experiments_data/arrays/extended_mteb_tweet_sentiment_extraction_3_pure_logits_greedy_50_temp_calibrate_then_pool_2025-09-23.npz,0.9509621946209896,2.1004527447651387,0.9392331784808149,0.9244281005361665,0.07557189946383347,0.04554659129875693,0.2726977130571468,0.9985855728429985,2.623762376237624
mteb/tweet_sentiment_extraction,3,pure_logits,greedy_5_temp_calibrate_then_pool,5,5,0.4798116385936737,1.6707038733860893,0.0,1.0,0.0988638401031494,5.503777980804443,llm_experiments_data/arrays/extended_mteb_tweet_sentiment_extraction_3_pure_logits_greedy_5_temp_calibrate_then_pool_2025-09-23.npz,0.9509621946209896,2.1129032258064515,0.937730373949567,0.9217606699424147,0.07823933005758532,0.03324448608650483,0.27143802415232404,0.998939179632249,2.6743281471004243
mteb/tweet_sentiment_extraction,3,pure_logits,greedy_5_post_calib,5,5,0.4799715280532837,1.615826738858809,0.4631403581840899,1.0,0.0988638401031494,3.140164375305176,llm_experiments_data/arrays/extended_mteb_tweet_sentiment_extraction_3_pure_logits_greedy_5_post_calib_2025-09-23.npz,0.954576248590888,2.129032258064516,0.9368093540881328,0.9204239310278163,0.07957606897218372,0.026587897545885236,0.27152109591432494,0.9992927864214993,2.7202970297029703
mteb/tweet_sentiment_extraction,3,pure_logits,greedy_50_post_calib,50,21,0.4759505689144134,1.4077634319033736,0.6297376093294461,1.0,0.0988638401031494,20.76873540878296,llm_experiments_data/arrays/extended_mteb_tweet_sentiment_extraction_3_pure_logits_greedy_50_post_calib_2025-09-23.npz,0.9579239491627013,2.120260328239955,0.9381998345740955,0.9214934399743896,0.0785065600256104,0.038129620469081985,0.27198081584526035,0.9992927864214993,2.685997171145686
mteb/tweet_sentiment_extraction,4,pure_logits,greedy_5_baseline,5,5,0.5060391426086426,,,,0.0956888198852539,0.0,llm_experiments_data/arrays/extended_mteb_tweet_sentiment_extraction_4_pure_logits_greedy_5_baseline_2025-09-23.npz,0.9713057528362042,2.353140916808149,0.9306375580802495,0.9112102135786987,0.08878978642130131,0.03696575020421477,0.2800319379410497,0.9985855728429985,2.8635077793493635
mteb/tweet_sentiment_extraction,4,pure_logits,greedy_50_baseline,50,21,0.468384712934494,,,,0.0956888198852539,0.0,llm_experiments_data/arrays/extended_mteb_tweet_sentiment_extraction_4_pure_logits_greedy_50_baseline_2025-09-23.npz,0.9690227498992263,2.2031692133559706,0.9392088454567112,0.9185847863714122,0.08141521362858783,0.030428614254448455,0.26637987491423176,0.9978783592644979,2.5774398868458275
mteb/tweet_sentiment_extraction,4,pure_logits,greedy_50_temp_pool_then_calibrate,50,21,0.4687075018882751,1.0714285714285714,,,0.0956888198852539,0.0114564895629882,llm_experiments_data/arrays/extended_mteb_tweet_sentiment_extraction_4_pure_logits_greedy_50_temp_pool_then_calibrate_2025-09-23.npz,0.9610249264065008,2.192133559705716,0.9392184810580749,0.9187507693254406,0.08124923067455936,0.0307508149876322,0.26550860803478177,0.9978783592644979,2.5862800565770865
mteb/tweet_sentiment_extraction,4,pure_logits,greedy_5_temp_pool_then_calibrate,5,5,0.5047886371612549,0.9612244897959183,,,0.0956888198852539,0.0085084438323974,llm_experiments_data/arrays/extended_mteb_tweet_sentiment_extraction_4_pure_logits_greedy_5_temp_pool_then_calibrate_2025-09-23.npz,0.9753793916128501,2.374080362195812,0.9306836935564794,0.9112081013491607,0.08879189865083925,0.033818926592634156,0.27919725258076405,0.9985855728429985,2.8673974540311176
mteb/tweet_sentiment_extraction,4,pure_logits,greedy_50_temp_calibrate_then_pool,50,21,0.4649832248687744,1.657009579341941,0.0,1.0,0.0956888198852539,12.703020811080933,llm_experiments_data/arrays/extended_mteb_tweet_sentiment_extraction_4_pure_logits_greedy_50_temp_calibrate_then_pool_2025-09-23.npz,0.9383014287164605,1.9915110356536503,0.9429180735899831,0.9282298036829277,0.07177019631707227,0.04261316042804557,0.26531623904664225,0.9982319660537482,2.595827439886846
mteb/tweet_sentiment_extraction,4,pure_logits,greedy_5_temp_calibrate_then_pool,5,5,0.4732873737812042,1.3414410662224074,0.0,1.0,0.0956888198852539,1.6284878253936768,llm_experiments_data/arrays/extended_mteb_tweet_sentiment_extraction_4_pure_logits_greedy_5_temp_calibrate_then_pool_2025-09-23.npz,0.947060595353925,2.089417091114884,0.9385851629701375,0.9217377457464423,0.0782622542535577,0.02355356162796603,0.26962736542941745,0.9996463932107497,2.8274398868458275
mteb/tweet_sentiment_extraction,4,pure_logits,greedy_5_post_calib,5,5,0.4732873737812042,1.3414410662224074,0.0,1.0,0.0956888198852539,3.158018112182617,llm_experiments_data/arrays/extended_mteb_tweet_sentiment_extraction_4_pure_logits_greedy_5_post_calib_2025-09-23.npz,0.947060595353925,2.089417091114884,0.9385851629701375,0.9217377457464423,0.0782622542535577,0.02355356162796603,0.26962736542941745,0.9996463932107497,2.8274398868458275
mteb/tweet_sentiment_extraction,4,pure_logits,greedy_50_post_calib,50,21,0.4618021249771118,1.474985422740525,0.5897542690545606,1.0,0.0956888198852539,21.100050926208496,llm_experiments_data/arrays/extended_mteb_tweet_sentiment_extraction_4_pure_logits_greedy_50_post_calib_2025-09-23.npz,0.947060595353925,2.033106960950764,0.942543237317465,0.9260330291234973,0.07396697087650272,0.038024574653132186,0.2642194254876952,0.9985855728429985,2.56011315417256
ag_news,0,pure_logits,greedy_5_baseline,5,5,0.1750968545675277,,,,0.3679914474487304,0.0,llm_experiments_data/arrays/extended_ag_news_0_pure_logits_greedy_5_baseline_2025-09-23.npz,0.995067237475685,1.2822368421052632,0.9941241343490305,0.9829364291147046,0.01706357088529542,0.02095131553317372,0.07690602781218409,0.9998355263157894,2.778453947368421
ag_news,0,pure_logits,greedy_50_baseline,50,19,0.1581828445196151,,,,0.3679914474487304,0.0,llm_experiments_data/arrays/extended_ag_news_0_pure_logits_greedy_50_baseline_2025-09-23.npz,0.9844471273184587,1.3819736842105264,0.9927221144967682,0.9807988046061841,0.01920119539381593,0.0137003533738224,0.07284827156728921,0.9998355263157894,3.052467105263158
ag_news,0,pure_logits,greedy_50_temp_pool_then_calibrate,50,19,0.1541571319103241,1.126530612244898,,,0.3679914474487304,0.0357758998870849,llm_experiments_data/arrays/extended_ag_news_0_pure_logits_greedy_50_temp_pool_then_calibrate_2025-09-23.npz,0.9734204999598582,1.3694736842105264,0.9927154778393351,0.9807638397426371,0.019236160257362855,0.00710453232652267,0.07243033856927282,0.9998355263157894,3.0116776315789475
ag_news,0,pure_logits,greedy_5_temp_pool_then_calibrate,5,5,0.1535082310438156,1.4571428571428573,,,0.3679914474487304,0.0313827991485595,llm_experiments_data/arrays/extended_ag_news_0_pure_logits_greedy_5_temp_pool_then_calibrate_2025-09-23.npz,0.9713057528362042,1.283421052631579,0.9941288434903047,0.982916462419486,0.017083537580513952,0.009965595881405588,0.07624339651518576,0.9998355263157894,2.651480263157895
ag_news,0,pure_logits,greedy_50_temp_calibrate_then_pool,50,19,0.1453266143798828,1.6423157017909205,0.0,1.0,0.3679914474487304,44.83931589126587,llm_experiments_data/arrays/extended_ag_news_0_pure_logits_greedy_50_temp_calibrate_then_pool_2025-09-23.npz,0.9690227498992263,1.2718421052631579,0.9947573176361958,0.9835843974837981,0.016415602516201888,0.011402491593831459,0.07162433848706683,0.999671052631579,2.603782894736842
ag_news,0,pure_logits,greedy_5_temp_calibrate_then_pool,5,5,0.149506613612175,1.6423157017909205,0.0,1.0,0.3679914474487304,6.027982711791992,llm_experiments_data/arrays/extended_ag_news_0_pure_logits_greedy_5_temp_calibrate_then_pool_2025-09-23.npz,0.9665581041966967,1.270657894736842,0.9944205216989842,0.983039818226262,0.016960181773738037,0.0107603281854015,0.07389430748895967,0.9998355263157894,2.7689144736842106
ag_news,0,pure_logits,greedy_5_post_calib,5,5,0.1498976498842239,1.5609496043315287,0.7097042898792171,1.0,0.3679914474487304,14.362227201461792,llm_experiments_data/arrays/extended_ag_news_0_pure_logits_greedy_5_post_calib_2025-09-23.npz,0.9690227498992263,1.275,0.9943169205909511,0.9830108851530642,0.01698911484693577,0.0065381963158908565,0.07415425595595647,0.9998355263157894,2.720065789473684
ag_news,0,pure_logits,greedy_50_post_calib,50,19,0.1444517970085144,1.5184173261141192,0.614743856726364,1.0,0.3679914474487304,96.87761378288268,llm_experiments_data/arrays/extended_ag_news_0_pure_logits_greedy_50_post_calib_2025-09-23.npz,0.9690227498992263,1.265921052631579,0.9944744921514311,0.9832628836565457,0.016737116343454317,0.009444655827001528,0.07129946322478761,0.9998355263157894,2.6723684210526315
ag_news,1,pure_logits,greedy_5_baseline,5,5,0.1725944429636001,,,,5.866233825683594,0.0,llm_experiments_data/arrays/extended_ag_news_1_pure_logits_greedy_5_baseline_2025-09-23.npz,0.9855933637950631,1.3980263157894737,0.9918700472754304,0.9798584020510445,0.020141597948955536,0.019951021471305907,0.07867057565306027,0.9995065789473684,2.9125
ag_news,1,pure_logits,greedy_50_baseline,50,20,0.1594323217868805,,,,5.866233825683594,0.0,llm_experiments_data/arrays/extended_ag_news_1_pure_logits_greedy_50_baseline_2025-09-23.npz,0.9832096927272072,1.3707894736842106,0.9924450780195118,0.9801627141434424,0.01983728585655764,0.012729553619497696,0.07285448085300796,0.9995065789473684,3.049342105263158
ag_news,1,pure_logits,greedy_50_temp_pool_then_calibrate,50,20,0.1553765684366226,1.126530612244898,,,5.866233825683594,0.0337977409362793,llm_experiments_data/arrays/extended_ag_news_1_pure_logits_greedy_50_temp_pool_then_calibrate_2025-09-23.npz,0.9734204999598582,1.3813157894736843,0.9924477302095789,0.9801252467027123,0.019874753297287717,0.004599174355205703,0.0725314383054819,0.9995065789473684,3.0136513157894735
ag_news,1,pure_logits,greedy_5_temp_pool_then_calibrate,5,5,0.1694981902837753,1.126530612244898,,,5.866233825683594,0.0292887687683105,llm_experiments_data/arrays/extended_ag_news_1_pure_logits_greedy_5_temp_pool_then_calibrate_2025-09-23.npz,0.9771939142407526,1.4059210526315788,0.9918705661883191,0.9798630985932103,0.020136901406789698,0.023000712398635735,0.07960342423470304,0.9995065789473684,2.8766447368421053
ag_news,1,pure_logits,greedy_50_temp_calibrate_then_pool,50,20,0.1455679535865783,1.6290712203248647,0.0,1.0,5.866233825683594,62.41764235496521,llm_experiments_data/arrays/extended_ag_news_1_pure_logits_greedy_50_temp_calibrate_then_pool_2025-09-23.npz,0.9638973636691187,1.2180263157894737,0.994536290300397,0.9832025127567623,0.016797487243237708,0.010109836368968589,0.07130404980794006,0.9995065789473684,2.628453947368421
ag_news,1,pure_logits,greedy_5_temp_calibrate_then_pool,5,5,0.1501591205596923,1.5060724698042485,0.0,1.0,5.866233825683594,5.699976682662964,llm_experiments_data/arrays/extended_ag_news_1_pure_logits_greedy_5_temp_calibrate_then_pool_2025-09-23.npz,0.9638973636691187,1.2435526315789474,0.993932616107595,0.9825584118562908,0.01744158814370922,0.009489110061212542,0.07403145588662007,0.9995065789473684,2.700822368421053
ag_news,1,pure_logits,greedy_5_post_calib,5,5,0.1502299159765243,1.4813827571845066,0.2149104539775093,1.0,5.866233825683594,33.43526077270508,llm_experiments_data/arrays/extended_ag_news_1_pure_logits_greedy_5_post_calib_2025-09-23.npz,0.9665581041966967,1.2607894736842105,0.9938721736880116,0.9824852961727671,0.017514703827232858,0.009636361359765623,0.07403587062747619,0.9995065789473684,2.7108552631578946
ag_news,1,pure_logits,greedy_50_post_calib,50,20,0.1448494642972946,1.5060724698042485,0.614743856726364,1.0,5.866233825683594,99.82778668403624,llm_experiments_data/arrays/extended_ag_news_1_pure_logits_greedy_50_post_calib_2025-09-23.npz,0.9638973636691187,1.2228947368421053,0.9943802669684754,0.9829000625012428,0.017099937498757156,0.008477214002295525,0.07116877426564172,0.9995065789473684,2.7013157894736843
ag_news,2,pure_logits,greedy_5_baseline,5,5,0.1652709245681762,,,,0.2806410789489746,0.0,llm_experiments_data/arrays/extended_ag_news_2_pure_logits_greedy_5_baseline_2025-09-23.npz,0.9832096927272072,1.3698684210526315,0.9925451987052606,0.9802456667971765,0.019754333202823493,0.017903441739709758,0.07715497138946778,0.9998355263157894,2.899342105263158
ag_news,2,pure_logits,greedy_50_baseline,50,20,0.1518179774284362,,,,0.2806410789489746,0.0,llm_experiments_data/arrays/extended_ag_news_2_pure_logits_greedy_50_baseline_2025-09-23.npz,0.9804316278758956,1.3480263157894736,0.9932400188007051,0.9811066894414667,0.01889331055853327,0.01120686427543041,0.07132152025977383,0.9998355263157894,3.0060855263157893
ag_news,2,pure_logits,greedy_50_temp_pool_then_calibrate,50,20,0.1488304287195205,1.1816326530612244,,,0.2806410789489746,0.0290000438690185,llm_experiments_data/arrays/extended_ag_news_2_pure_logits_greedy_50_temp_pool_then_calibrate_2025-09-23.npz,0.9638973636691187,1.355263157894737,0.993235022019244,0.9810271499520543,0.01897285004794569,0.007675986599765321,0.07125346807572695,0.999671052631579,2.951973684210526
ag_news,2,pure_logits,greedy_5_temp_pool_then_calibrate,5,5,0.1630717068910598,1.126530612244898,,,0.2806410789489746,0.0298552513122558,llm_experiments_data/arrays/extended_ag_news_2_pure_logits_greedy_5_temp_pool_then_calibrate_2025-09-23.npz,0.9734204999598582,1.3764473684210525,0.9925444702574343,0.9801857395735019,0.019814260426498143,0.021189818927331988,0.07808467486462657,0.9998355263157894,2.869407894736842
ag_news,2,pure_logits,greedy_50_temp_calibrate_then_pool,50,20,0.1422345638275146,1.6290712203248647,0.0,1.0,0.2806410789489746,42.170795917510986,llm_experiments_data/arrays/extended_ag_news_2_pure_logits_greedy_50_temp_calibrate_then_pool_2025-09-23.npz,0.9610249264065008,1.2203947368421053,0.9949949848691484,0.9834371296002551,0.01656287039974491,0.0076652490229983,0.0702724112234162,0.9995065789473684,2.600986842105263
ag_news,2,pure_logits,greedy_5_temp_calibrate_then_pool,5,5,0.1470176875591278,1.5060724698042485,0.0,1.0,0.2806410789489746,32.038402795791626,llm_experiments_data/arrays/extended_ag_news_2_pure_logits_greedy_5_temp_calibrate_then_pool_2025-09-23.npz,0.9610249264065008,1.2357894736842105,0.9942321085512756,0.9825303153108736,0.017469684689126352,0.006974229098934843,0.07279481564497162,0.9995065789473684,2.6976973684210526
ag_news,2,pure_logits,greedy_5_post_calib,5,5,0.146973505616188,1.4937276134943775,0.193252811328613,1.0,0.2806410789489746,23.77641129493713,llm_experiments_data/arrays/extended_ag_news_2_pure_logits_greedy_5_post_calib_2025-09-23.npz,0.9610249264065008,1.236842105263158,0.9941918072051787,0.9824785925991811,0.017521407400818867,0.006485120583521703,0.07279245341533348,0.999671052631579,2.705263157894737
ag_news,2,pure_logits,greedy_50_post_calib,50,20,0.1406689137220382,1.53076218242399,0.5597667638483965,1.0,0.2806410789489746,113.08946084976196,llm_experiments_data/arrays/extended_ag_news_2_pure_logits_greedy_50_post_calib_2025-09-23.npz,0.9610249264065008,1.2273684210526317,0.9948381073009226,0.9832562483404189,0.016743751659581085,0.007011424193256821,0.06995540188013066,0.9995065789473684,2.6353618421052634
ag_news,3,pure_logits,greedy_5_baseline,5,5,0.1616485267877578,,,,0.2795994281768799,0.0,llm_experiments_data/arrays/extended_ag_news_3_pure_logits_greedy_5_baseline_2025-09-23.npz,0.9818738040176085,1.3398684210526315,0.9932011861783083,0.9817143896960207,0.01828561030397935,0.017446652427315697,0.07616959521843615,0.9998355263157894,2.906578947368421
ag_news,3,pure_logits,greedy_50_baseline,50,20,0.14743173122406,,,,0.2795994281768799,0.0,llm_experiments_data/arrays/extended_ag_news_3_pure_logits_greedy_50_baseline_2025-09-23.npz,0.9771939142407526,1.2942105263157895,0.9939809275610455,0.9825424083689139,0.017457591631086067,0.012607352882623706,0.07106208805736637,0.9998355263157894,3.042105263157895
ag_news,3,pure_logits,greedy_50_temp_pool_then_calibrate,50,20,0.1449004858732223,1.126530612244898,,,0.2795994281768799,0.0309865474700927,llm_experiments_data/arrays/extended_ag_news_3_pure_logits_greedy_50_temp_pool_then_calibrate_2025-09-23.npz,0.9665581041966967,1.3169736842105264,0.9939759028032253,0.9825136580220858,0.01748634197791421,0.004253910521143339,0.0706337212428286,0.9998355263157894,3.003125
ag_news,3,pure_logits,greedy_5_temp_pool_then_calibrate,5,5,0.1590738743543625,1.126530612244898,,,0.2795994281768799,0.0313267707824707,llm_experiments_data/arrays/extended_ag_news_3_pure_logits_greedy_5_temp_pool_then_calibrate_2025-09-23.npz,0.9713057528362042,1.3417105263157896,0.9932024646567453,0.9817127820588301,0.018287217941169942,0.015851650841926284,0.07686434930790717,0.9998355263157894,2.871217105263158
ag_news,3,pure_logits,greedy_50_temp_calibrate_then_pool,50,20,0.1399757117033004,1.6290712203248647,0.0,1.0,0.2795994281768799,43.394912004470825,llm_experiments_data/arrays/extended_ag_news_3_pure_logits_greedy_50_temp_calibrate_then_pool_2025-09-23.npz,0.9579239491627013,1.190657894736842,0.9953373112910439,0.9844204875178847,0.01557951248211531,0.009186487966462192,0.06964631728063926,0.999671052631579,2.604769736842105
ag_news,3,pure_logits,greedy_5_temp_calibrate_then_pool,5,5,0.143786996603012,1.5060724698042485,0.0,1.0,0.2795994281768799,23.44732666015625,llm_experiments_data/arrays/extended_ag_news_3_pure_logits_greedy_5_temp_calibrate_then_pool_2025-09-23.npz,0.9610249264065008,1.2284210526315789,0.9949016597319125,0.9838440754131632,0.01615592458683679,0.009565501275815456,0.0717252174025123,0.9998355263157894,2.6991776315789475
ag_news,3,pure_logits,greedy_5_post_calib,5,5,0.143793374300003,1.4937276134943775,0.1949187838400666,1.0,0.2795994281768799,11.02241063117981,llm_experiments_data/arrays/extended_ag_news_3_pure_logits_greedy_5_post_calib_2025-09-23.npz,0.9610249264065008,1.2305263157894737,0.9948654146882937,0.9837931790386442,0.01620682096135584,0.00888965519635297,0.0717334612272267,0.9998355263157894,2.707730263157895
ag_news,3,pure_logits,greedy_50_post_calib,50,20,0.1382708400487899,1.53076218242399,0.5397750937109538,1.0,0.2795994281768799,87.42734265327454,llm_experiments_data/arrays/extended_ag_news_3_pure_logits_greedy_50_post_calib_2025-09-23.npz,0.9579239491627013,1.1931578947368422,0.9953660847106858,0.9844703134355587,0.015529686564441314,0.007905488398514272,0.06942942957687305,0.9998355263157894,2.640625
ag_news,4,pure_logits,greedy_5_baseline,5,5,0.1665987223386764,,,,0.2931766510009765,0.0,llm_experiments_data/arrays/extended_ag_news_4_pure_logits_greedy_5_baseline_2025-09-23.npz,0.9844471273184587,1.3685526315789474,0.9925840776152586,0.9801782306755751,0.01982176932442492,0.017619825915286397,0.07846793388872275,0.9998355263157894,2.919407894736842
ag_news,4,pure_logits,greedy_50_baseline,50,22,0.1534280180931091,,,,0.2931766510009765,0.0,llm_experiments_data/arrays/extended_ag_news_4_pure_logits_greedy_50_baseline_2025-09-23.npz,0.9753793916128501,1.3227631578947368,0.9930873556739914,0.9805463208278444,0.01945367917215557,0.01069993684558496,0.07321506597076198,1.0,3.1699013157894735
ag_news,4,pure_logits,greedy_50_temp_pool_then_calibrate,50,22,0.1517852842807769,1.0714285714285714,,,0.2931766510009765,0.0289845466613769,llm_experiments_data/arrays/extended_ag_news_4_pure_logits_greedy_50_temp_pool_then_calibrate_2025-09-23.npz,0.9690227498992263,1.335657894736842,0.9930870505200109,0.9805328708646714,0.019467129135328554,0.0060712683867467,0.0729833150326149,1.0,3.1476973684210527
ag_news,4,pure_logits,greedy_5_temp_pool_then_calibrate,5,5,0.1636596620082855,1.126530612244898,,,0.2931766510009765,0.0274641513824462,llm_experiments_data/arrays/extended_ag_news_4_pure_logits_greedy_5_temp_pool_then_calibrate_2025-09-23.npz,0.9771939142407526,1.387763157894737,0.9925891338279978,0.9801430712155661,0.019856928784433903,0.019463736328639486,0.07920640334141416,0.9998355263157894,2.887171052631579
ag_news,4,pure_logits,greedy_50_temp_calibrate_then_pool,50,22,0.1450255960226059,1.6290712203248647,0.0,1.0,0.2931766510009765,42.23185658454895,llm_experiments_data/arrays/extended_ag_news_4_pure_logits_greedy_50_temp_calibrate_then_pool_2025-09-23.npz,0.9610249264065008,1.207236842105263,0.9950867791483904,0.9837486461037128,0.01625135389628718,0.009902716565288997,0.0723532275990665,0.9998355263157894,2.64375
ag_news,4,pure_logits,greedy_5_temp_calibrate_then_pool,5,5,0.1487895101308822,1.5060724698042485,0.0,1.0,0.2931766510009765,19.34773850440979,llm_experiments_data/arrays/extended_ag_news_4_pure_logits_greedy_5_temp_calibrate_then_pool_2025-09-23.npz,0.9638973636691187,1.2419736842105262,0.9944728600568333,0.9829427809395893,0.01705721906041069,0.009561969316319452,0.07445615832437553,0.9998355263157894,2.7098684210526316
ag_news,4,pure_logits,greedy_5_post_calib,5,5,0.1487895101308822,1.5060724698042485,0.0,1.0,0.2931766510009765,11.463602304458618,llm_experiments_data/arrays/extended_ag_news_4_pure_logits_greedy_5_post_calib_2025-09-23.npz,0.9638973636691187,1.2419736842105262,0.9944728600568333,0.9829427809395893,0.01705721906041069,0.009561969316319452,0.07445615832437553,0.9998355263157894,2.7098684210526316
ag_news,4,pure_logits,greedy_50_post_calib,50,22,0.1433628350496292,1.535360266555602,0.4897959183673469,1.0,0.2931766510009765,84.2874059677124,llm_experiments_data/arrays/extended_ag_news_4_pure_logits_greedy_50_post_calib_2025-09-23.npz,0.9610249264065008,1.2046052631578947,0.9950210347902192,0.9836475632500409,0.01635243674995912,0.008907931886221274,0.07208545902734517,0.9998355263157894,2.6820723684210526
dbpedia_14,0,pure_logits,greedy_5_baseline,5,5,0.0383507758378982,,,,0.5642759799957275,0.0,llm_experiments_data/arrays/extended_dbpedia_14_0_pure_logits_greedy_5_baseline_2025-09-23.npz,0.0,1.0,0.9998400037362637,0.9895240874220708,0.010475912577929236,0.004646624040603622,0.013252324774056138,1.0,13.80942857142857
dbpedia_14,0,pure_logits,greedy_50_baseline,50,13,0.035843975841999,,,,0.5642759799957275,0.0,llm_experiments_data/arrays/extended_dbpedia_14_0_pure_logits_greedy_50_baseline_2025-09-23.npz,0.0,1.0,0.9998205921978022,0.9894508004358524,0.010549199564147571,0.0026796012801783894,0.012773011748219473,1.0,7.422482142857143
dbpedia_14,0,pure_logits,greedy_50_temp_pool_then_calibrate,50,13,0.0336079373955726,1.236734693877551,,,0.5642759799957275,0.1390647888183593,llm_experiments_data/arrays/extended_dbpedia_14_0_pure_logits_greedy_50_temp_pool_then_calibrate_2025-09-23.npz,0.0,1.0,0.9998208836263737,0.9894575955840033,0.010542404415996742,0.0019413523350443485,0.012776463293786174,1.0,7.281785714285714
dbpedia_14,0,pure_logits,greedy_5_temp_pool_then_calibrate,5,5,0.0351141579449176,1.3469387755102042,,,0.5642759799957275,0.1354718208312988,llm_experiments_data/arrays/extended_dbpedia_14_0_pure_logits_greedy_5_temp_pool_then_calibrate_2025-09-23.npz,0.0,1.0,0.9998402715384616,0.9895306089539169,0.010469391046083132,0.0044393446258136245,0.01380226001122516,1.0,7.954285714285715
dbpedia_14,0,pure_logits,greedy_50_temp_calibrate_then_pool,50,13,0.0303341131657362,1.850379008746356,0.0,1.0,0.5642759799957275,441.8416178226471,llm_experiments_data/arrays/extended_dbpedia_14_0_pure_logits_greedy_50_temp_calibrate_then_pool_2025-09-23.npz,0.0,1.0,0.9998800495604396,0.9896798169153854,0.010320183084614576,0.001998142669030592,0.01250742718059835,1.0,9.830732142857142
dbpedia_14,0,pure_logits,greedy_5_temp_calibrate_then_pool,5,5,0.0300289299339056,1.8202915451895043,0.0,1.0,0.5642759799957275,68.30458521842957,llm_experiments_data/arrays/extended_dbpedia_14_0_pure_logits_greedy_5_temp_calibrate_then_pool_2025-09-23.npz,0.0,1.0,0.9998812887912089,0.9896890943508905,0.010310905649109525,0.0019085022981677649,0.01248147944408918,1.0,9.775589285714286
dbpedia_14,0,pure_logits,greedy_5_post_calib,5,5,0.0297356657683849,1.7658642232403166,0.4464806330695543,1.0,0.5642759799957275,105.7846052646637,llm_experiments_data/arrays/extended_dbpedia_14_0_pure_logits_greedy_5_post_calib_2025-09-23.npz,0.0,1.0,0.9998838864835166,0.9896907991122853,0.010309200887714698,0.0016417146842394846,0.012418241088454773,1.0,9.289142857142856
dbpedia_14,0,pure_logits,greedy_50_post_calib,50,13,0.0296356659382581,1.7255810079133695,0.6597251145356102,1.0,0.5642759799957275,794.5179748535156,llm_experiments_data/arrays/extended_dbpedia_14_0_pure_logits_greedy_50_post_calib_2025-09-23.npz,0.0,1.0,0.9998851298901098,0.9896906442252839,0.010309355774716145,0.0018074060293180858,0.012393026526827397,1.0,8.764446428571429
dbpedia_14,1,pure_logits,greedy_5_baseline,5,5,0.0368919149041175,,,,0.5237307548522949,0.0,llm_experiments_data/arrays/extended_dbpedia_14_1_pure_logits_greedy_5_baseline_2025-09-23.npz,0.0,1.0,0.999833632965128,0.9895871550832447,0.010412844916755315,0.004028855554120912,0.013079046198154224,1.0,13.799464285714286
dbpedia_14,1,pure_logits,greedy_50_baseline,50,13,0.0343787893652915,,,,0.5237307548522949,0.0,llm_experiments_data/arrays/extended_dbpedia_14_1_pure_logits_greedy_50_baseline_2025-09-23.npz,0.0,1.0,0.9998196603320348,0.9895390144585683,0.010460985541431711,0.0024441525995731695,0.01254796910556526,0.9999821428571428,7.39325
dbpedia_14,1,pure_logits,greedy_50_temp_pool_then_calibrate,50,13,0.032565776258707,1.2918367346938775,,,0.5237307548522949,0.1271264553070068,llm_experiments_data/arrays/extended_dbpedia_14_1_pure_logits_greedy_50_temp_pool_then_calibrate_2025-09-23.npz,0.0,1.0,0.9998196574496588,0.9895433765294641,0.010456623470535886,0.002841071087547751,0.012599235474934287,1.0,7.068767857142857
dbpedia_14,1,pure_logits,greedy_5_temp_pool_then_calibrate,5,5,0.0340606160461902,1.3469387755102042,,,0.5237307548522949,0.1164455413818359,llm_experiments_data/arrays/extended_dbpedia_14_1_pure_logits_greedy_5_temp_pool_then_calibrate_2025-09-23.npz,0.0,1.0,0.9998334020914041,0.9895893751263307,0.010410624873669283,0.0040239155228648585,0.013621325229632324,1.0,7.701160714285714
dbpedia_14,1,pure_logits,greedy_50_temp_calibrate_then_pool,50,13,0.0289265066385269,1.8654227405247816,0.0,1.0,0.5237307548522949,399.3228905200958,llm_experiments_data/arrays/extended_dbpedia_14_1_pure_logits_greedy_50_temp_calibrate_then_pool_2025-09-23.npz,0.0,1.0,0.9998758593194895,0.9897210957366033,0.010278904263396726,0.0017515573071582031,0.012188719167058134,1.0,9.696339285714286
dbpedia_14,1,pure_logits,greedy_5_temp_calibrate_then_pool,5,5,0.0287877060472965,1.8353352769679303,0.0,1.0,0.5237307548522949,101.31923198699953,llm_experiments_data/arrays/extended_dbpedia_14_1_pure_logits_greedy_5_temp_calibrate_then_pool_2025-09-23.npz,0.0,1.0,0.9998742618970997,0.9897236443476033,0.010276355652396707,0.0016378409836973057,0.01220758041446072,1.0,9.183571428571428
dbpedia_14,1,pure_logits,greedy_5_post_calib,5,5,0.0286065954715013,1.7658642232403166,0.4831320283215327,1.0,0.5237307548522949,113.17008543014526,llm_experiments_data/arrays/extended_dbpedia_14_1_pure_logits_greedy_5_post_calib_2025-09-23.npz,0.0,1.0,0.999875011077574,0.989731086878968,0.010268913121031953,0.0014444667488336465,0.01216986681866558,1.0,8.792910714285714
dbpedia_14,1,pure_logits,greedy_50_post_calib,50,13,0.0284453090280294,1.7397251145356103,0.679716784673053,1.0,0.5237307548522949,825.1280977725983,llm_experiments_data/arrays/extended_dbpedia_14_1_pure_logits_greedy_50_post_calib_2025-09-23.npz,0.0,1.0,0.9998759350063898,0.9897238233007484,0.010276176699251627,0.0016861179172992452,0.012086708701021178,1.0,8.533607142857143
dbpedia_14,2,pure_logits,greedy_5_baseline,5,5,0.0376938953995704,,,,0.5053613185882568,0.0,llm_experiments_data/arrays/extended_dbpedia_14_2_pure_logits_greedy_5_baseline_2025-09-23.npz,0.0,1.0,0.999814485318098,0.9894566940572135,0.010543305942786518,0.004649176156946573,0.013149691565915105,1.0,8.17
dbpedia_14,2,pure_logits,greedy_50_baseline,50,12,0.0345689058303833,,,,0.5053613185882568,0.0,llm_experiments_data/arrays/extended_dbpedia_14_2_pure_logits_greedy_50_baseline_2025-09-23.npz,0.0,1.0,0.9998258045267006,0.9894988271184324,0.0105011728815676,0.0025018874287605504,0.012488802856579426,1.0,7.426464285714285
dbpedia_14,2,pure_logits,greedy_50_temp_pool_then_calibrate,50,12,0.0329904593527317,1.236734693877551,,,0.5053613185882568,0.114689826965332,llm_experiments_data/arrays/extended_dbpedia_14_2_pure_logits_greedy_50_temp_pool_then_calibrate_2025-09-23.npz,0.0,1.0,0.9998259436540522,0.989502654179919,0.010497345820080994,0.0023590010464191475,0.012595866360201753,1.0,7.200517857142857
dbpedia_14,2,pure_logits,greedy_5_temp_pool_then_calibrate,5,5,0.0360968150198459,1.236734693877551,,,0.5053613185882568,0.11179780960083,llm_experiments_data/arrays/extended_dbpedia_14_2_pure_logits_greedy_5_temp_pool_then_calibrate_2025-09-23.npz,0.0,1.0,0.9998144472529411,0.9894611766784189,0.01053882332158107,0.005020767199567397,0.013721251038498245,1.0,7.539517857142857
dbpedia_14,2,pure_logits,greedy_50_temp_calibrate_then_pool,50,12,0.0295166224241256,1.850379008746356,0.0,1.0,0.5053613185882568,405.13342475891113,llm_experiments_data/arrays/extended_dbpedia_14_2_pure_logits_greedy_50_temp_calibrate_then_pool_2025-09-23.npz,0.0,1.0,0.9998566905523407,0.9896200475025668,0.010379952497433176,0.0017589339085987772,0.012167619685051438,1.0,9.741321428571428
dbpedia_14,2,pure_logits,greedy_5_temp_calibrate_then_pool,5,5,0.0292281340807676,1.809645980841316,0.0,1.0,0.5053613185882568,62.97532677650452,llm_experiments_data/arrays/extended_dbpedia_14_2_pure_logits_greedy_5_temp_calibrate_then_pool_2025-09-23.npz,0.0,1.0,0.9998588572144317,0.9896167568832922,0.010383243116707797,0.0013462798161165798,0.012108127907176542,1.0,9.745107142857142
dbpedia_14,2,pure_logits,greedy_5_post_calib,5,5,0.0290217790752649,1.7397251145356103,0.4298209079550187,1.0,0.5053613185882568,104.73176312446594,llm_experiments_data/arrays/extended_dbpedia_14_2_pure_logits_greedy_5_post_calib_2025-09-23.npz,0.0,1.0,0.9998665961813432,0.9896360411351366,0.01036395886486341,0.0013299256805862723,0.012080743956000502,1.0,9.131178571428572
dbpedia_14,2,pure_logits,greedy_50_post_calib,50,12,0.0288405288010835,1.7397251145356103,0.614743856726364,1.0,0.5053613185882568,923.5502562522888,llm_experiments_data/arrays/extended_dbpedia_14_2_pure_logits_greedy_50_post_calib_2025-09-23.npz,0.0,1.0,0.9998754104710245,0.9896628570161294,0.010337142983870562,0.0015123225722994105,0.012078047962577203,1.0,8.683946428571428
dbpedia_14,3,pure_logits,greedy_5_baseline,5,5,0.0372864827513694,,,,0.4669814109802246,0.0,llm_experiments_data/arrays/extended_dbpedia_14_3_pure_logits_greedy_5_baseline_2025-09-23.npz,0.0,1.0,0.999826661621954,0.9895206391626146,0.010479360837385432,0.004493935151185265,0.01231493140138424,1.0,13.808875
dbpedia_14,3,pure_logits,greedy_50_baseline,50,14,0.034858051687479,,,,0.4669814109802246,0.0,llm_experiments_data/arrays/extended_dbpedia_14_3_pure_logits_greedy_50_baseline_2025-09-23.npz,0.0,1.0,0.9998083855701996,0.9894601705240299,0.010539829475970097,0.0026519264016833083,0.0118824558609767,1.0,7.427607142857143
dbpedia_14,3,pure_logits,greedy_50_temp_pool_then_calibrate,50,14,0.0331726670265197,1.236734693877551,,,0.4669814109802246,4.313503742218018,llm_experiments_data/arrays/extended_dbpedia_14_3_pure_logits_greedy_50_temp_pool_then_calibrate_2025-09-23.npz,0.0,1.0,0.9998085766728424,0.989467135248195,0.010532864751805038,0.002600550103613277,0.012059648519581419,1.0,7.170803571428571
dbpedia_14,3,pure_logits,greedy_5_temp_pool_then_calibrate,5,5,0.0342318154871463,1.3469387755102042,,,0.4669814109802246,2.4418492317199707,llm_experiments_data/arrays/extended_dbpedia_14_3_pure_logits_greedy_5_temp_pool_then_calibrate_2025-09-23.npz,0.0,1.0,0.9998263917651639,0.9895267056411862,0.010473294358813834,0.004668218387024698,0.012983023553356966,1.0,8.000660714285715
dbpedia_14,3,pure_logits,greedy_50_temp_calibrate_then_pool,50,14,0.0289426408708095,1.850379008746356,0.0,1.0,0.4669814109802246,402.4073507785797,llm_experiments_data/arrays/extended_dbpedia_14_3_pure_logits_greedy_50_temp_calibrate_then_pool_2025-09-23.npz,0.0,1.0,0.9998611171627466,0.9896088914065609,0.010391108593439058,0.0015171115070581331,0.011558485726659904,1.0,9.698803571428572
dbpedia_14,3,pure_logits,greedy_5_temp_calibrate_then_pool,5,5,0.028721323236823,1.8202915451895043,0.0,1.0,0.4669814109802246,53.413488149642944,llm_experiments_data/arrays/extended_dbpedia_14_3_pure_logits_greedy_5_temp_calibrate_then_pool_2025-09-23.npz,0.0,1.0,0.9998651064404134,0.989624410885111,0.010375589114889006,0.0013802574436578953,0.011496305539027779,1.0,9.684125
dbpedia_14,3,pure_logits,greedy_5_post_calib,5,5,0.0285224188119173,1.7658642232403166,0.4731361932528113,1.0,0.4669814109802246,102.8946771621704,llm_experiments_data/arrays/extended_dbpedia_14_3_pure_logits_greedy_5_post_calib_2025-09-23.npz,0.0,1.0,0.9998712132319295,0.9896554186486959,0.010344581351304116,0.0010518897222620814,0.011455657787046969,1.0,9.213178571428571
dbpedia_14,3,pure_logits,greedy_50_post_calib,50,14,0.0284258443862199,1.7397251145356103,0.6247396917950854,1.0,0.4669814109802246,1006.1536440849304,llm_experiments_data/arrays/extended_dbpedia_14_3_pure_logits_greedy_50_post_calib_2025-09-23.npz,0.0,1.0,0.999872855203846,0.9896588132010239,0.01034118679897611,0.0012997183395283339,0.011482343980503214,1.0,8.729375
dbpedia_14,4,pure_logits,greedy_5_baseline,5,5,0.037765584886074,,,,0.5010263919830322,0.0,llm_experiments_data/arrays/extended_dbpedia_14_4_pure_logits_greedy_5_baseline_2025-09-23.npz,0.0,1.0,0.9998413138534913,0.9895519960893278,0.010448003910672243,0.004495056115729459,0.013031514326062327,1.0,13.801946428571428
dbpedia_14,4,pure_logits,greedy_50_baseline,50,12,0.0349580943584442,,,,0.5010263919830322,0.0,llm_experiments_data/arrays/extended_dbpedia_14_4_pure_logits_greedy_50_baseline_2025-09-23.npz,0.0,1.0,0.9998246295737572,0.9894865047775329,0.01051349522246714,0.0024394677447421567,0.012483700025192756,1.0,7.433803571428571
dbpedia_14,4,pure_logits,greedy_50_temp_pool_then_calibrate,50,12,0.0333295986056327,1.236734693877551,,,0.5010263919830322,0.1294269561767578,llm_experiments_data/arrays/extended_dbpedia_14_4_pure_logits_greedy_50_temp_pool_then_calibrate_2025-09-23.npz,0.0,1.0,0.9998246374632018,0.9894906647332037,0.010509335266796316,0.0026202894104378656,0.01259268781787206,1.0,7.206267857142858
dbpedia_14,4,pure_logits,greedy_5_temp_pool_then_calibrate,5,5,0.034713264554739,1.3469387755102042,,,0.5010263919830322,0.1714248657226562,llm_experiments_data/arrays/extended_dbpedia_14_4_pure_logits_greedy_5_temp_pool_then_calibrate_2025-09-23.npz,0.0,1.0,0.9998411495270023,0.9895576397985644,0.01044236020143563,0.004165566237909494,0.013606904867681494,1.0,8.085946428571429
dbpedia_14,4,pure_logits,greedy_50_temp_calibrate_then_pool,50,12,0.0293473247438669,1.850379008746356,0.0,1.0,0.5010263919830322,562.6613535881042,llm_experiments_data/arrays/extended_dbpedia_14_4_pure_logits_greedy_50_temp_calibrate_then_pool_2025-09-23.npz,0.0,1.0,0.9998739149651971,0.9896615410508325,0.010338458949167517,0.0017895595954997528,0.012140205848101477,1.0,9.6745
dbpedia_14,4,pure_logits,greedy_5_temp_calibrate_then_pool,5,5,0.0292350221425294,1.8202915451895043,0.0,1.0,0.5010263919830322,66.82611536979675,llm_experiments_data/arrays/extended_dbpedia_14_4_pure_logits_greedy_5_temp_calibrate_then_pool_2025-09-23.npz,0.0,1.0,0.9998772683179455,0.9896824875664825,0.010317512433517528,0.001706484808666378,0.012195724444382643,1.0,9.726053571428572
dbpedia_14,4,pure_logits,greedy_5_post_calib,5,5,0.0290355682373046,1.7658642232403166,0.4731361932528113,1.0,0.5010263919830322,188.3311324119568,llm_experiments_data/arrays/extended_dbpedia_14_4_pure_logits_greedy_5_post_calib_2025-09-23.npz,0.0,1.0,0.9998823733240867,0.9897017295979568,0.01029827040204323,0.0014455952376127657,0.012123686211394185,1.0,9.175
dbpedia_14,4,pure_logits,greedy_50_post_calib,50,12,0.0288055930286645,1.7397251145356103,0.6247396917950854,1.0,0.5010263919830322,1002.4817354679108,llm_experiments_data/arrays/extended_dbpedia_14_4_pure_logits_greedy_50_post_calib_2025-09-23.npz,0.0,1.0,0.9998831058966395,0.989699852413944,0.010300147586056019,0.001459692674449518,0.012037022455312279,1.0,8.560214285714286
stanfordnlp/sst2,0,pure_logits,greedy_5_baseline,5,5,0.1389027386903762,,,,13.696207046508787,0.0,llm_experiments_data/arrays/extended_stanfordnlp_sst2_0_pure_logits_greedy_5_baseline_2025-09-23.npz,0.9942510800363944,1.1575723830734967,0.9905559135297227,0.9839294797988846,0.016070520201115435,0.01770616770233146,0.06393565223361752,1.0,1.988052430112516
stanfordnlp/sst2,0,pure_logits,greedy_50_baseline,50,22,0.1167359352111816,,,,13.696207046508787,0.0,llm_experiments_data/arrays/extended_stanfordnlp_sst2_0_pure_logits_greedy_50_baseline_2025-09-23.npz,0.9638973636691187,1.1730697847067557,0.9895215290235136,0.9833012745455704,0.01669872545442963,0.007091672959686977,0.05965381005398202,1.0,1.9850365386846074
stanfordnlp/sst2,0,pure_logits,greedy_50_temp_pool_then_calibrate,50,22,0.1156567931175232,1.0714285714285714,,,13.696207046508787,0.0163209438323974,llm_experiments_data/arrays/extended_stanfordnlp_sst2_0_pure_logits_greedy_50_temp_pool_then_calibrate_2025-09-23.npz,0.954576248590888,1.168708240534521,0.9895215290235138,0.9833012745455704,0.01669872545442963,0.005144753314294677,0.05955920092149837,1.0,1.9850365386846074
stanfordnlp/sst2,0,pure_logits,greedy_5_temp_pool_then_calibrate,5,5,0.1211620271205902,1.5122448979591838,,,13.696207046508787,0.0139784812927246,llm_experiments_data/arrays/extended_stanfordnlp_sst2_0_pure_logits_greedy_5_temp_pool_then_calibrate_2025-09-23.npz,0.9690227498992263,1.161284335560505,0.9905561405254282,0.9839294797988846,0.016070520201115435,0.014756418609716517,0.06488840209671518,1.0,1.988052430112516
stanfordnlp/sst2,0,pure_logits,greedy_50_temp_calibrate_then_pool,50,22,0.1140713170170784,1.8747188671386923,0.0,1.0,13.696207046508787,18.413986206054688,llm_experiments_data/arrays/extended_stanfordnlp_sst2_0_pure_logits_greedy_50_temp_calibrate_then_pool_2025-09-23.npz,0.9638973636691187,1.1362286562731998,0.9919615233199846,0.9848013672279244,0.01519863277207556,0.007180829605042002,0.0597776405974123,1.0,1.9882844217608167
stanfordnlp/sst2,0,pure_logits,greedy_5_temp_calibrate_then_pool,5,5,0.1167548149824142,1.8202915451895043,0.0,1.0,13.696207046508787,2.817467451095581,llm_experiments_data/arrays/extended_stanfordnlp_sst2_0_pure_logits_greedy_5_temp_calibrate_then_pool_2025-09-23.npz,0.9610249264065008,1.141796585003712,0.991084516682316,0.9841134146264422,0.015886585373557804,0.006308389494351859,0.06160560402542929,1.0,1.986312492750261
stanfordnlp/sst2,0,pure_logits,greedy_5_post_calib,5,5,0.1164740771055221,1.7658642232403166,0.4231570179092045,1.0,13.696207046508787,48.80946636199951,llm_experiments_data/arrays/extended_stanfordnlp_sst2_0_pure_logits_greedy_5_post_calib_2025-09-23.npz,0.9638973636691187,1.1499628804751298,0.9909725903384411,0.9840782550713237,0.015921744928676262,0.00564422140917076,0.0615656243574421,1.0,1.98596450527781
stanfordnlp/sst2,0,pure_logits,greedy_50_post_calib,50,22,0.1118283942341804,1.602582257392753,0.6847147022074136,1.0,13.696207046508787,31.13620114326477,llm_experiments_data/arrays/extended_stanfordnlp_sst2_0_pure_logits_greedy_50_post_calib_2025-09-23.npz,0.9610249264065008,1.143652561247216,0.9914942439302135,0.9847369219704202,0.015263078029579824,0.006137240642118874,0.05905039114488461,1.0,1.9882844217608167
stanfordnlp/sst2,1,pure_logits,greedy_5_baseline,5,5,0.1381601095199585,,,,0.1479294300079345,0.0,llm_experiments_data/arrays/extended_stanfordnlp_sst2_1_pure_logits_greedy_5_baseline_2025-09-23.npz,0.9937936782064581,1.149127691165553,0.9911070068943337,0.9839749825822,0.016025017417800047,0.017913993058066575,0.06398007813393194,1.0,1.9886324092332677
stanfordnlp/sst2,1,pure_logits,greedy_50_baseline,50,21,0.1142597123980522,,,,0.1479294300079345,0.0,llm_experiments_data/arrays/extended_stanfordnlp_sst2_1_pure_logits_greedy_50_baseline_2025-09-23.npz,0.9610249264065008,1.1663882702301411,0.9898008338833225,0.9836365550092347,0.016363444990765252,0.0064944726509701435,0.05842656254561606,1.0,1.9791207516529405
stanfordnlp/sst2,1,pure_logits,greedy_50_temp_pool_then_calibrate,50,21,0.1135249063372612,1.0714285714285714,,,0.1479294300079345,0.0160949230194091,llm_experiments_data/arrays/extended_stanfordnlp_sst2_1_pure_logits_greedy_50_temp_pool_then_calibrate_2025-09-23.npz,0.954576248590888,1.1815144766146994,0.9898008338833226,0.9836365550092347,0.016363444990765252,0.0033628997996548874,0.05842944150669292,1.0,1.9792367474770909
stanfordnlp/sst2,1,pure_logits,greedy_5_temp_pool_then_calibrate,5,5,0.1184177100658416,1.5673469387755103,,,0.1479294300079345,0.0138790607452392,llm_experiments_data/arrays/extended_stanfordnlp_sst2_1_pure_logits_greedy_5_temp_pool_then_calibrate_2025-09-23.npz,0.9610249264065008,1.1450445434298442,0.9911070940236504,0.9839764183406249,0.01602358165937512,0.01031935909166992,0.06388323192803544,1.0,1.9886324092332677
stanfordnlp/sst2,1,pure_logits,greedy_50_temp_calibrate_then_pool,50,21,0.1117319464683532,1.92914618908788,0.0,1.0,0.1479294300079345,18.198532819747925,llm_experiments_data/arrays/extended_stanfordnlp_sst2_1_pure_logits_greedy_50_temp_calibrate_then_pool_2025-09-23.npz,0.9610249264065008,1.1249072011878247,0.9923396776138612,0.9849927077009822,0.01500729229901776,0.0063384552199307696,0.05851792383157448,1.0,1.9846885512121564
stanfordnlp/sst2,1,pure_logits,greedy_5_temp_calibrate_then_pool,5,5,0.1169319152832031,1.850379008746356,0.0,1.0,0.1479294300079345,24.27000451087952,llm_experiments_data/arrays/extended_stanfordnlp_sst2_1_pure_logits_greedy_5_temp_calibrate_then_pool_2025-09-23.npz,0.9610249264065008,1.1424461766889384,0.9915128203993291,0.9840670496219702,0.015932950378029775,0.00661569613059009,0.062290222108909485,0.9998840041758497,1.986660480222712
stanfordnlp/sst2,1,pure_logits,greedy_5_post_calib,5,5,0.1162552163004875,1.7397251145356103,0.614743856726364,1.0,0.1479294300079345,59.23507332801819,llm_experiments_data/arrays/extended_stanfordnlp_sst2_1_pure_logits_greedy_5_post_calib_2025-09-23.npz,0.9638973636691187,1.1454157386785448,0.9913882603283178,0.9840195550856742,0.01598044491432582,0.004689269265645363,0.06197626806250248,0.9998840041758497,1.987356455167614
stanfordnlp/sst2,1,pure_logits,greedy_50_post_calib,50,21,0.1096661612391471,1.6433152852977928,0.6847147022074136,1.0,0.1479294300079345,74.9195487499237,llm_experiments_data/arrays/extended_stanfordnlp_sst2_1_pure_logits_greedy_50_post_calib_2025-09-23.npz,0.9579239491627013,1.1424461766889384,0.9918023685442535,0.9850943668677491,0.014905633132250906,0.004137782240321009,0.05786794545193856,1.0,1.9864284885744112
stanfordnlp/sst2,2,pure_logits,greedy_5_baseline,5,5,0.1326637417078018,,,,0.151773452758789,0.0,llm_experiments_data/arrays/extended_stanfordnlp_sst2_2_pure_logits_greedy_5_baseline_2025-09-23.npz,0.9915700228248736,1.142817371937639,0.9912968536059377,0.9844635608502464,0.015536439149753556,0.019233093124765233,0.061636559592687136,1.0,1.987008467695163
stanfordnlp/sst2,2,pure_logits,greedy_50_baseline,50,22,0.1110883653163909,,,,0.151773452758789,0.0,llm_experiments_data/arrays/extended_stanfordnlp_sst2_2_pure_logits_greedy_50_baseline_2025-09-23.npz,0.9579239491627013,1.1594283593170007,0.9902701126112455,0.9835828435310595,0.016417156468940486,0.00413743965189454,0.05671550440596824,1.0,1.9783087808838882
stanfordnlp/sst2,2,pure_logits,greedy_50_temp_pool_then_calibrate,50,22,0.1107177287340164,1.0714285714285714,,,0.151773452758789,0.0153825283050537,llm_experiments_data/arrays/extended_stanfordnlp_sst2_2_pure_logits_greedy_50_temp_pool_then_calibrate_2025-09-23.npz,0.947060595353925,1.15673719376392,0.9902701300118659,0.9835828435310595,0.016417156468940486,0.00382272641948174,0.056775398045985505,1.0,1.9783087808838882
stanfordnlp/sst2,2,pure_logits,greedy_5_temp_pool_then_calibrate,5,5,0.1171764582395553,1.5673469387755103,,,0.151773452758789,0.012932538986206,llm_experiments_data/arrays/extended_stanfordnlp_sst2_2_pure_logits_greedy_5_temp_pool_then_calibrate_2025-09-23.npz,0.954576248590888,1.1430029695619897,0.991296975410279,0.9844635608502464,0.015536439149753556,0.014304228641408054,0.06309547055791809,1.0,1.9867764760468622
stanfordnlp/sst2,2,pure_logits,greedy_50_temp_calibrate_then_pool,50,22,0.1077447906136512,1.9211995002082467,0.0,1.0,0.151773452758789,14.121015310287476,llm_experiments_data/arrays/extended_stanfordnlp_sst2_2_pure_logits_greedy_50_temp_calibrate_then_pool_2025-09-23.npz,0.954576248590888,1.1192464736451373,0.9925380050425606,0.985214003060411,0.014785996939589041,0.009317095036761489,0.056100201394267475,1.0,1.9843405637397054
stanfordnlp/sst2,2,pure_logits,greedy_5_temp_calibrate_then_pool,5,5,0.1114417910575866,1.8654227405247816,0.0,1.0,0.151773452758789,2.389597654342652,llm_experiments_data/arrays/extended_stanfordnlp_sst2_2_pure_logits_greedy_5_temp_calibrate_then_pool_2025-09-23.npz,0.9509621946209896,1.125927988121752,0.9918903539592396,0.9847044939905369,0.015295506009463056,0.005732954389179868,0.058666578102119234,1.0,1.9848045470363067
stanfordnlp/sst2,2,pure_logits,greedy_5_post_calib,5,5,0.1121334433555603,1.7680133277800918,0.5747605164514785,1.0,0.151773452758789,9.211366653442385,llm_experiments_data/arrays/extended_stanfordnlp_sst2_2_pure_logits_greedy_5_post_calib_2025-09-23.npz,0.954576248590888,1.1335374907201188,0.9916709147380749,0.9846270207573451,0.015372979242654905,0.003337622369185313,0.05917938692474803,1.0,1.9853845261570584
stanfordnlp/sst2,2,pure_logits,greedy_50_post_calib,50,22,0.1065568625926971,1.6296209912536446,0.6847147022074136,1.0,0.151773452758789,33.570459842681885,llm_experiments_data/arrays/extended_stanfordnlp_sst2_2_pure_logits_greedy_50_post_calib_2025-09-23.npz,0.9509621946209896,1.1385486265775797,0.9918944953068439,0.9849424786338278,0.015057521366172222,0.003019357383605172,0.05588694516221446,1.0,1.9808606890151954
stanfordnlp/sst2,3,pure_logits,greedy_5_baseline,5,5,0.1423054337501526,,,,19.17198729515076,0.0,llm_experiments_data/arrays/extended_stanfordnlp_sst2_3_pure_logits_greedy_5_baseline_2025-09-23.npz,0.9927668021552672,1.1719561989606533,0.9894154561949106,0.9830830781613056,0.01691692183869442,0.02175789520575895,0.0650903812179929,1.0,1.9913003131887252
stanfordnlp/sst2,3,pure_logits,greedy_50_baseline,50,22,0.1187988147139549,,,,19.17198729515076,0.0,llm_experiments_data/arrays/extended_stanfordnlp_sst2_3_pure_logits_greedy_50_baseline_2025-09-23.npz,0.9665581041966967,1.1760393466963623,0.9886360818674756,0.9823355748941435,0.01766442510585653,0.007210883455048141,0.05923725284105742,1.0,1.9893283841781695
stanfordnlp/sst2,3,pure_logits,greedy_50_temp_pool_then_calibrate,50,22,0.1175118908286094,1.0714285714285714,,,19.17198729515076,0.0153479576110839,llm_experiments_data/arrays/extended_stanfordnlp_sst2_3_pure_logits_greedy_50_temp_pool_then_calibrate_2025-09-23.npz,0.9579239491627013,1.1733481811432813,0.9886360470421075,0.9823355748941435,0.01766442510585653,0.004725144076719062,0.059208285429978705,1.0,1.9893283841781695
stanfordnlp/sst2,3,pure_logits,greedy_5_temp_pool_then_calibrate,5,5,0.1285979598760604,1.4020408163265308,,,19.17198729515076,0.0138876438140869,llm_experiments_data/arrays/extended_stanfordnlp_sst2_3_pure_logits_greedy_5_temp_pool_then_calibrate_2025-09-23.npz,0.9713057528362042,1.1726985894580548,0.9894155780836995,0.9830830781613056,0.01691692183869442,0.022134606279128565,0.06734431837209937,1.0,1.9914163090128756
stanfordnlp/sst2,3,pure_logits,greedy_50_temp_calibrate_then_pool,50,22,0.1141073107719421,1.9057059558517289,0.0,1.0,19.17198729515076,16.013592958450317,llm_experiments_data/arrays/extended_stanfordnlp_sst2_3_pure_logits_greedy_50_temp_calibrate_then_pool_2025-09-23.npz,0.9638973636691187,1.1319599109131404,0.9914125691718875,0.9842799056273009,0.015720094372699056,0.006987947613863732,0.059111999842089716,1.0,1.9875884468159146
stanfordnlp/sst2,3,pure_logits,greedy_5_temp_calibrate_then_pool,5,5,0.1176778301596641,1.7804581424406498,0.0,1.0,19.17198729515076,51.224384784698486,llm_experiments_data/arrays/extended_stanfordnlp_sst2_3_pure_logits_greedy_5_temp_calibrate_then_pool_2025-09-23.npz,0.9638973636691187,1.1560876020786934,0.9902107457156091,0.983552371330266,0.016447628669734038,0.006041666546749413,0.06168683179088785,1.0,1.9936202296717318
stanfordnlp/sst2,3,pure_logits,greedy_5_post_calib,5,5,0.1177627444267273,1.753869221157851,0.2182423990004165,1.0,19.17198729515076,11.232393264770508,llm_experiments_data/arrays/extended_stanfordnlp_sst2_3_pure_logits_greedy_5_post_calib_2025-09-23.npz,0.9665581041966967,1.1660170749814402,0.9901410079158062,0.9835232739092706,0.016476726090729366,0.006302818102843699,0.0616798144165297,1.0,1.9936202296717318
stanfordnlp/sst2,3,pure_logits,greedy_50_post_calib,50,22,0.1129917949438095,1.5924864639733447,0.7197001249479384,1.0,19.17198729515076,59.18821454048157,llm_experiments_data/arrays/extended_stanfordnlp_sst2_3_pure_logits_greedy_50_post_calib_2025-09-23.npz,0.9638973636691187,1.1476429101707497,0.9906754902541208,0.9840329395402448,0.015967060459755156,0.005290991031380166,0.05866985711888112,1.0,1.991184317364575
stanfordnlp/sst2,4,pure_logits,greedy_5_baseline,5,5,0.1273978799581527,,,,0.1502799987792968,0.0,llm_experiments_data/arrays/extended_stanfordnlp_sst2_4_pure_logits_greedy_5_baseline_2025-09-23.npz,0.9866551233980249,1.1506124721603563,0.9913611818620089,0.9845636923861694,0.015436307613830635,0.02055641317929532,0.06046819137505913,1.0,1.9826006263774505
stanfordnlp/sst2,4,pure_logits,greedy_50_baseline,50,22,0.1077410876750946,,,,0.1502799987792968,0.0,llm_experiments_data/arrays/extended_stanfordnlp_sst2_4_pure_logits_greedy_50_baseline_2025-09-23.npz,0.9383014287164605,1.133723088344469,0.9906172582339648,0.983763507019895,0.01623649298010499,0.00571458379073596,0.05513329127518141,1.0,1.9784247767080385
stanfordnlp/sst2,4,pure_logits,greedy_50_temp_pool_then_calibrate,50,22,0.1073685437440872,0.9612244897959183,,,0.1502799987792968,0.0156519412994384,llm_experiments_data/arrays/extended_stanfordnlp_sst2_4_pure_logits_greedy_50_temp_pool_then_calibrate_2025-09-23.npz,0.9428485727976632,1.1302895322939865,0.9906172582339646,0.983763507019895,0.01623649298010499,0.0041172723959973945,0.055101942743835765,1.0,1.9785407725321889
stanfordnlp/sst2,4,pure_logits,greedy_5_temp_pool_then_calibrate,5,5,0.1185961365699768,1.5122448979591838,,,0.1502799987792968,0.0127203464508056,llm_experiments_data/arrays/extended_stanfordnlp_sst2_4_pure_logits_greedy_5_temp_pool_then_calibrate_2025-09-23.npz,0.947060595353925,1.1529324424647365,0.9913611818620087,0.9845636923861694,0.015436307613830635,0.01943553384578752,0.06380668790553526,1.0,1.9826006263774505
stanfordnlp/sst2,4,pure_logits,greedy_50_temp_calibrate_then_pool,50,22,0.1063795387744903,1.92914618908788,0.0,1.0,0.1502799987792968,14.137690544128418,llm_experiments_data/arrays/extended_stanfordnlp_sst2_4_pure_logits_greedy_50_temp_calibrate_then_pool_2025-09-23.npz,0.954576248590888,1.1188752783964366,0.9932077628751927,0.9855245199395899,0.014475480060410106,0.010447588069578786,0.05549840935003997,1.0,1.9829486138499015
stanfordnlp/sst2,4,pure_logits,greedy_5_temp_calibrate_then_pool,5,5,0.1091459020972251,1.850379008746356,0.0,1.0,0.1502799987792968,2.4463837146759038,llm_experiments_data/arrays/extended_stanfordnlp_sst2_4_pure_logits_greedy_5_temp_calibrate_then_pool_2025-09-23.npz,0.9428485727976632,1.1241648106904232,0.9920754621024441,0.9848772872792771,0.015122712720722853,0.00755513884243296,0.057393952415175836,1.0,1.981440668135947
stanfordnlp/sst2,4,pure_logits,greedy_5_post_calib,5,5,0.1091101840138435,1.8202915451895043,0.2399000416493127,1.0,0.1502799987792968,56.13841199874878,llm_experiments_data/arrays/extended_stanfordnlp_sst2_4_pure_logits_greedy_5_post_calib_2025-09-23.npz,0.947060595353925,1.134558277654046,0.9919977483565512,0.9848403653370191,0.01515963466298087,0.0065239512298668695,0.05741520438683372,1.0,1.9812086764876464
stanfordnlp/sst2,4,pure_logits,greedy_50_post_calib,50,22,0.1040479019284248,1.6707038733860893,0.6047480216576426,1.0,0.1502799987792968,75.45387625694275,llm_experiments_data/arrays/extended_stanfordnlp_sst2_4_pure_logits_greedy_50_post_calib_2025-09-23.npz,0.947060595353925,1.1201744617668894,0.99280834348152,0.9854987995444224,0.014501200455577568,0.005912620604657725,0.054707946425246796,1.0,1.981440668135947
SetFit/mnli,0,pure_logits,greedy_5_baseline,5,5,0.5412836670875549,,,,0.1233527660369873,0.0,llm_experiments_data/arrays/extended_setfit_mnli_0_pure_logits_greedy_5_baseline_2025-09-23.npz,0.9713057528362042,2.687170754221508,0.9158036980412647,0.8925237821475448,0.1074762178524552,0.024926642094796326,0.2870930138252599,1.0,3.0
SetFit/mnli,0,pure_logits,greedy_50_baseline,50,14,0.529163122177124,,,,0.1233527660369873,0.0,llm_experiments_data/arrays/extended_setfit_mnli_0_pure_logits_greedy_50_baseline_2025-09-23.npz,0.954576248590888,2.6329158244871325,0.923604013161298,0.9027768233798251,0.09722317662017488,0.03753482415595561,0.2839321425187677,1.0,3.0
SetFit/mnli,0,pure_logits,greedy_50_temp_pool_then_calibrate,50,14,0.529087245464325,1.0163265306122449,,,0.1233527660369873,0.0664997100830078,llm_experiments_data/arrays/extended_setfit_mnli_0_pure_logits_greedy_50_temp_pool_then_calibrate_2025-09-23.npz,0.954576248590888,2.707733197523594,0.9236010292388747,0.9027800573826437,0.09721994261735634,0.03960607900219266,0.2837059766280469,1.0,3.0
SetFit/mnli,0,pure_logits,greedy_5_temp_pool_then_calibrate,5,5,0.5398650169372559,1.0714285714285714,,,0.1233527660369873,0.066843032836914,llm_experiments_data/arrays/extended_setfit_mnli_0_pure_logits_greedy_5_temp_pool_then_calibrate_2025-09-23.npz,0.9638973636691187,2.6738019830343926,0.9157528228032686,0.8925390842192591,0.1074609157807409,0.029640572006815892,0.28643033644883503,1.0,3.0
SetFit/mnli,0,pure_logits,greedy_50_temp_calibrate_then_pool,50,14,0.495775818824768,1.983573511037068,0.0,1.0,0.1233527660369873,103.03322243690492,llm_experiments_data/arrays/extended_setfit_mnli_0_pure_logits_greedy_50_temp_calibrate_then_pool_2025-09-23.npz,0.9428485727976632,2.226330113157099,0.9374585757867339,0.9239223402561966,0.07607765974380343,0.04071008246088751,0.27397928135547117,0.9998806373963037,2.8821692163845065
SetFit/mnli,0,pure_logits,greedy_5_temp_calibrate_then_pool,5,5,0.4951700270175934,1.9610329029571012,0.0,1.0,0.1233527660369873,13.344210147857666,llm_experiments_data/arrays/extended_setfit_mnli_0_pure_logits_greedy_5_temp_calibrate_then_pool_2025-09-23.npz,0.9428485727976632,2.2250887272611526,0.9381446396077893,0.9243481586015169,0.07565184139848313,0.04404496552390835,0.2736008700673364,0.9998806373963037,2.8854119004515884
SetFit/mnli,0,pure_logits,greedy_5_post_calib,5,5,0.4951700270175934,1.9610329029571012,0.0,1.0,0.1233527660369873,35.04497575759888,llm_experiments_data/arrays/extended_setfit_mnli_0_pure_logits_greedy_5_post_calib_2025-09-23.npz,0.9428485727976632,2.2250887272611526,0.9381446396077893,0.9243481586015169,0.07565184139848313,0.04404496552390835,0.2736008700673364,0.9998806373963037,2.8854119004515884
SetFit/mnli,0,pure_logits,greedy_50_post_calib,50,14,0.495775818824768,1.983573511037068,0.0,1.0,0.1233527660369873,214.2530782222748,llm_experiments_data/arrays/extended_setfit_mnli_0_pure_logits_greedy_50_post_calib_2025-09-23.npz,0.9428485727976632,2.226330113157099,0.9374585757867339,0.9239223402561966,0.07607765974380343,0.04071008246088751,0.27397928135547117,0.9998806373963037,2.8821692163845065
SetFit/mnli,1,pure_logits,greedy_5_baseline,5,5,0.5487261414527893,,,,0.1281607151031494,0.0,llm_experiments_data/arrays/extended_setfit_mnli_1_pure_logits_greedy_5_baseline_2025-09-23.npz,0.9753793916128501,2.637085607881209,0.9137877860598692,0.890511951517957,0.10948804848204297,0.030562634738093827,0.2900117903621428,1.0,3.0
SetFit/mnli,1,pure_logits,greedy_50_baseline,50,14,0.5308570861816406,,,,0.1281607151031494,0.0,llm_experiments_data/arrays/extended_setfit_mnli_1_pure_logits_greedy_50_baseline_2025-09-23.npz,0.954576248590888,2.631642608183598,0.9233817487025325,0.9028329641583835,0.09716703584161646,0.038466330507685616,0.28544493218458566,1.0,3.0
SetFit/mnli,1,pure_logits,greedy_50_temp_pool_then_calibrate,50,14,0.5307557582855225,1.0163265306122449,,,0.1281607151031494,0.0619065761566162,llm_experiments_data/arrays/extended_setfit_mnli_1_pure_logits_greedy_50_temp_pool_then_calibrate_2025-09-23.npz,0.9509621946209896,2.5764486814253655,0.9233814030845836,0.9028319596963096,0.09716804030369042,0.04054865755534814,0.28519844744327666,1.0,3.0
SetFit/mnli,1,pure_logits,greedy_5_temp_pool_then_calibrate,5,5,0.5441266894340515,1.126530612244898,,,0.1281607151031494,0.0654194355010986,llm_experiments_data/arrays/extended_setfit_mnli_1_pure_logits_greedy_5_temp_pool_then_calibrate_2025-09-23.npz,0.9638973636691187,2.6308150175863,0.91374664267778,0.8905912630167196,0.10940873698328035,0.027952282219248177,0.28897802735729977,1.0,3.0
SetFit/mnli,1,pure_logits,greedy_50_temp_calibrate_then_pool,50,14,0.4966378509998321,1.983573511037068,0.0,1.0,0.1281607151031494,102.53329944610596,llm_experiments_data/arrays/extended_setfit_mnli_1_pure_logits_greedy_50_temp_calibrate_then_pool_2025-09-23.npz,0.9428485727976632,2.222462718635112,0.937351610959975,0.9240609545367018,0.07593904546329822,0.0428548687313499,0.2751302322804716,0.999860743629021,2.8471362921996537
SetFit/mnli,1,pure_logits,greedy_5_temp_calibrate_then_pool,5,5,0.4965198338031769,1.976976259891712,0.0,1.0,0.1281607151031494,20.866780519485477,llm_experiments_data/arrays/extended_setfit_mnli_1_pure_logits_greedy_5_temp_calibrate_then_pool_2025-09-23.npz,0.9428485727976632,2.2234335460665573,0.9375721834772762,0.9238178287606175,0.07618217123938253,0.04560112799319861,0.2749517038453857,0.9998806373963037,2.8759623609923013
SetFit/mnli,1,pure_logits,greedy_5_post_calib,5,5,0.4965198338031769,1.976976259891712,0.0,1.0,0.1281607151031494,47.72607851028442,llm_experiments_data/arrays/extended_setfit_mnli_1_pure_logits_greedy_5_post_calib_2025-09-23.npz,0.9428485727976632,2.2234335460665573,0.9375721834772762,0.9238178287606175,0.07618217123938253,0.04560112799319861,0.2749517038453857,0.9998806373963037,2.8759623609923013
SetFit/mnli,1,pure_logits,greedy_50_post_calib,50,14,0.4966378509998321,1.983573511037068,0.0,1.0,0.1281607151031494,247.94170141220093,llm_experiments_data/arrays/extended_setfit_mnli_1_pure_logits_greedy_50_post_calib_2025-09-23.npz,0.9428485727976632,2.222462718635112,0.937351610959975,0.9240609545367018,0.07593904546329822,0.0428548687313499,0.2751302322804716,0.999860743629021,2.8471362921996537
SetFit/mnli,2,pure_logits,greedy_5_baseline,5,5,0.5439597964286804,,,,0.1167545318603515,0.0,llm_experiments_data/arrays/extended_setfit_mnli_2_pure_logits_greedy_5_baseline_2025-09-23.npz,0.9713057528362042,2.6879505992074226,0.9149456566746599,0.8919796102739482,0.10802038972605177,0.025671200398669658,0.2882438469627237,1.0,3.0
SetFit/mnli,2,pure_logits,greedy_50_baseline,50,14,0.5307487845420837,,,,0.1167545318603515,0.0,llm_experiments_data/arrays/extended_setfit_mnli_2_pure_logits_greedy_50_baseline_2025-09-23.npz,0.9579239491627013,2.6866296372925054,0.922552002004725,0.9019666044475066,0.09803339555249335,0.03476660000669475,0.2847513340753519,1.0,3.0
SetFit/mnli,2,pure_logits,greedy_50_temp_pool_then_calibrate,50,14,0.5305970907211304,1.0163265306122449,,,0.1167545318603515,0.0597760677337646,llm_experiments_data/arrays/extended_setfit_mnli_2_pure_logits_greedy_50_temp_pool_then_calibrate_2025-09-23.npz,0.954576248590888,2.6392659908010123,0.9225479137052742,0.9019676231268294,0.09803237687317057,0.03628907041716413,0.28451147624089507,1.0,3.0
SetFit/mnli,2,pure_logits,greedy_5_temp_pool_then_calibrate,5,5,0.5423628687858582,1.0714285714285714,,,0.1167545318603515,0.0621974468231201,llm_experiments_data/arrays/extended_setfit_mnli_2_pure_logits_greedy_5_temp_pool_then_calibrate_2025-09-23.npz,0.9638973636691187,2.674422675982366,0.9148956616770126,0.8919948195556032,0.10800518044439678,0.03016505999787328,0.2875668497534348,1.0,3.0
SetFit/mnli,2,pure_logits,greedy_50_temp_calibrate_then_pool,50,14,0.4965460002422333,1.983573511037068,0.0,1.0,0.1167545318603515,104.35334968566896,llm_experiments_data/arrays/extended_setfit_mnli_2_pure_logits_greedy_50_temp_calibrate_then_pool_2025-09-23.npz,0.9428485727976632,2.2207916222367228,0.9372320116896442,0.9239106454764772,0.07608935452352283,0.04181744736001312,0.274613293841723,0.9998806373963037,2.837806115344063
SetFit/mnli,2,pure_logits,greedy_5_temp_calibrate_then_pool,5,5,0.4959542453289032,1.9610329029571012,0.0,1.0,0.1167545318603515,55.97028160095215,llm_experiments_data/arrays/extended_setfit_mnli_2_pure_logits_greedy_5_temp_calibrate_then_pool_2025-09-23.npz,0.9428485727976632,2.229163019432464,0.9379254176981199,0.9245884288536765,0.07541157114632346,0.047707078300185585,0.2742193626758325,0.9998806373963037,2.853084528617184
SetFit/mnli,2,pure_logits,greedy_5_post_calib,5,5,0.4959542453289032,1.9610329029571012,0.0,1.0,0.1167545318603515,24.82005190849304,llm_experiments_data/arrays/extended_setfit_mnli_2_pure_logits_greedy_5_post_calib_2025-09-23.npz,0.9428485727976632,2.229163019432464,0.9379254176981199,0.9245884288536765,0.07541157114632346,0.047707078300185585,0.2742193626758325,0.9998806373963037,2.853084528617184
SetFit/mnli,2,pure_logits,greedy_50_post_calib,50,14,0.4965460002422333,1.983573511037068,0.0,1.0,0.1167545318603515,202.5595030784607,llm_experiments_data/arrays/extended_setfit_mnli_2_pure_logits_greedy_50_post_calib_2025-09-23.npz,0.9428485727976632,2.2207916222367228,0.9372320116896442,0.9239106454764772,0.07608935452352283,0.04181744736001312,0.274613293841723,0.9998806373963037,2.837806115344063
SetFit/mnli,3,pure_logits,greedy_5_baseline,5,5,0.5503612756729126,,,,4.764642715454102,0.0,llm_experiments_data/arrays/extended_setfit_mnli_3_pure_logits_greedy_5_baseline_2025-09-23.npz,0.9753793916128501,2.6360192892269985,0.9133830264438934,0.890359323913898,0.10964067608610195,0.03204974066639513,0.2911558071019136,1.0,3.0
SetFit/mnli,3,pure_logits,greedy_50_baseline,50,15,0.5341354012489319,,,,4.764642715454102,0.0,llm_experiments_data/arrays/extended_setfit_mnli_3_pure_logits_greedy_50_baseline_2025-09-23.npz,0.954576248590888,2.632438368373307,0.9222024920181351,0.9012440704255437,0.09875592957445634,0.03525015998884227,0.2872241415318099,1.0,3.0
SetFit/mnli,3,pure_logits,greedy_50_temp_pool_then_calibrate,50,15,0.5340104699134827,1.0163265306122449,,,4.764642715454102,0.0562212467193603,llm_experiments_data/arrays/extended_setfit_mnli_3_pure_logits_greedy_50_temp_pool_then_calibrate_2025-09-23.npz,0.954576248590888,2.7061098467365876,0.9222039615164602,0.9012488307134915,0.09875116928650851,0.03730689208696846,0.28698441369317046,1.0,3.0
SetFit/mnli,3,pure_logits,greedy_5_temp_pool_then_calibrate,5,5,0.5454707145690918,1.126530612244898,,,4.764642715454102,0.055166482925415,llm_experiments_data/arrays/extended_setfit_mnli_3_pure_logits_greedy_5_temp_pool_then_calibrate_2025-09-23.npz,0.9638973636691187,2.630210239842121,0.9133457663493457,0.8904421778279488,0.10955782217205123,0.02764598287958249,0.2899642450001072,1.0,3.0
SetFit/mnli,3,pure_logits,greedy_50_temp_calibrate_then_pool,50,15,0.5007779598236084,1.976976259891712,0.0,1.0,4.764642715454102,104.09148788452148,llm_experiments_data/arrays/extended_setfit_mnli_3_pure_logits_greedy_50_temp_calibrate_then_pool_2025-09-23.npz,0.947060595353925,2.273932487705505,0.9359771048621207,0.9223172387421702,0.0776827612578298,0.038437239630428416,0.2773858783500262,0.9997413810253247,2.844112439572682
SetFit/mnli,3,pure_logits,greedy_5_temp_calibrate_then_pool,5,5,0.4989266693592071,1.976976259891712,0.0,1.0,4.764642715454102,13.169184923171995,llm_experiments_data/arrays/extended_setfit_mnli_3_pure_logits_greedy_5_temp_calibrate_then_pool_2025-09-23.npz,0.9428485727976632,2.222558209857877,0.9369094896910398,0.9228246861794168,0.07717531382058318,0.04367110130230356,0.27625119765909784,0.9997811685598902,2.8683231543557404
SetFit/mnli,3,pure_logits,greedy_5_post_calib,5,5,0.4989266693592071,1.976976259891712,0.0,1.0,4.764642715454102,34.95764899253845,llm_experiments_data/arrays/extended_setfit_mnli_3_pure_logits_greedy_5_post_calib_2025-09-23.npz,0.9428485727976632,2.222558209857877,0.9369094896910398,0.9228246861794168,0.07717531382058318,0.04367110130230356,0.27625119765909784,0.9997811685598902,2.8683231543557404
SetFit/mnli,3,pure_logits,greedy_50_post_calib,50,15,0.5007779598236084,1.976976259891712,0.0,1.0,4.764642715454102,209.456267118454,llm_experiments_data/arrays/extended_setfit_mnli_3_pure_logits_greedy_50_post_calib_2025-09-23.npz,0.947060595353925,2.273932487705505,0.9359771048621207,0.9223172387421702,0.0776827612578298,0.038437239630428416,0.2773858783500262,0.9997413810253247,2.844112439572682
SetFit/mnli,4,pure_logits,greedy_5_baseline,5,5,0.5483366250991821,,,,12.321622371673584,0.0,llm_experiments_data/arrays/extended_setfit_mnli_4_pure_logits_greedy_5_baseline_2025-09-23.npz,0.9771939142407526,2.6728470708067418,0.9141451563567032,0.8918764495758835,0.10812355042411648,0.030895148144183746,0.28938647304972254,1.0,3.0
SetFit/mnli,4,pure_logits,greedy_50_baseline,50,13,0.5302943587303162,,,,12.321622371673584,0.0,llm_experiments_data/arrays/extended_setfit_mnli_4_pure_logits_greedy_50_baseline_2025-09-23.npz,0.9579239491627013,2.6757754683048716,0.9229646419856016,0.9024991504083735,0.09750084959162653,0.03682074071764009,0.28478717591600616,1.0,3.0
SetFit/mnli,4,pure_logits,greedy_50_temp_pool_then_calibrate,50,13,0.5301140546798706,1.0163265306122449,,,12.321622371673584,0.0638735294342041,llm_experiments_data/arrays/extended_setfit_mnli_4_pure_logits_greedy_50_temp_pool_then_calibrate_2025-09-23.npz,0.954576248590888,2.6272340967326087,0.9229596095178269,0.902501142867414,0.09749885713258599,0.039327555209283965,0.2845257803747862,1.0,3.0
SetFit/mnli,4,pure_logits,greedy_5_temp_pool_then_calibrate,5,5,0.5436326265335083,1.126530612244898,,,12.321622371673584,0.0599880218505859,llm_experiments_data/arrays/extended_setfit_mnli_4_pure_logits_greedy_5_temp_pool_then_calibrate_2025-09-23.npz,0.9665581041966967,2.6741998631292474,0.9140981998306098,0.891959335589421,0.10804066441057902,0.028491455998696274,0.2883146444028299,1.0,3.0
SetFit/mnli,4,pure_logits,greedy_50_temp_calibrate_then_pool,50,13,0.4961307346820831,1.976976259891712,0.0,1.0,12.321622371673584,158.1866114139557,llm_experiments_data/arrays/extended_setfit_mnli_4_pure_logits_greedy_50_temp_calibrate_then_pool_2025-09-23.npz,0.9428485727976632,2.2236722741234702,0.937538783795114,0.9242548367077104,0.07574516329228964,0.04300314352873708,0.27435393518846307,0.9999005311635865,2.889708954184654
SetFit/mnli,4,pure_logits,greedy_5_temp_calibrate_then_pool,5,5,0.4959589540958404,1.976976259891712,0.0,1.0,12.321622371673584,12.544542074203491,llm_experiments_data/arrays/extended_setfit_mnli_4_pure_logits_greedy_5_temp_calibrate_then_pool_2025-09-23.npz,0.947060595353925,2.283704422835134,0.9378322547464987,0.9242642362351018,0.07573576376489821,0.04641296216293461,0.2741884683518216,0.9999204249308692,2.9082300515248574
SetFit/mnli,4,pure_logits,greedy_5_post_calib,5,5,0.4959589540958404,1.976976259891712,0.0,1.0,12.321622371673584,23.69275379180908,llm_experiments_data/arrays/extended_setfit_mnli_4_pure_logits_greedy_5_post_calib_2025-09-23.npz,0.947060595353925,2.283704422835134,0.9378322547464987,0.9242642362351018,0.07573576376489821,0.04641296216293461,0.2741884683518216,0.9999204249308692,2.9082300515248574
SetFit/mnli,4,pure_logits,greedy_50_post_calib,50,13,0.4961307346820831,1.976976259891712,0.0,1.0,12.321622371673584,289.15637707710266,llm_experiments_data/arrays/extended_setfit_mnli_4_pure_logits_greedy_50_post_calib_2025-09-23.npz,0.9428485727976632,2.2236722741234702,0.937538783795114,0.9242548367077104,0.07574516329228964,0.04300314352873708,0.27435393518846307,0.9999005311635865,2.889708954184654
