dataset,seed,method,ensemble_type,ensemble_size,ensemble_unique_size,nll_test,c1,c2,epi_scalar,ensemble_time,calibration_time,path,threshold,set_size,auc,aurac,aorac
imdb,0,pure_logits,greedy_5_baseline,5,5,0.1149728223681449,,,,0.1201834678649902,0.0,llm_experiments_data/arrays/extended_imdb_0_pure_logits_greedy_5_baseline_2025-09-21.npz,0.9855933637950631,1.10656,0.9932418336000001,0.9857836251924876,0.014216374807512366
imdb,0,pure_logits,greedy_50_baseline,50,19,0.1030757054686546,,,,0.1201834678649902,0.0,llm_experiments_data/arrays/extended_imdb_0_pure_logits_greedy_50_baseline_2025-09-21.npz,0.9428485727976632,1.10484,0.9911197216,0.9836921667602381,0.016307833239761926
imdb,0,pure_logits,greedy_50_temp_pool_then_calibrate,50,19,0.1030492857098579,1.0163265306122449,,,0.1201834678649902,0.0107569694519042,llm_experiments_data/arrays/extended_imdb_0_pure_logits_greedy_50_temp_pool_then_calibrate_2025-09-21.npz,0.9428485727976632,1.1076,0.991119744,0.9836921667602381,0.016307833239761926
imdb,0,pure_logits,greedy_5_temp_pool_then_calibrate,5,5,0.103531502187252,1.4571428571428573,,,0.1201834678649902,0.007918357849121,llm_experiments_data/arrays/extended_imdb_0_pure_logits_greedy_5_temp_pool_then_calibrate_2025-09-21.npz,0.947060595353925,1.10616,0.9932418399999998,0.9857836251924876,0.014216374807512366
imdb,0,pure_logits,greedy_50_temp_calibrate_then_pool,50,19,0.1110687404870987,2.154734693877551,,,0.1201834678649902,0.3699462413787842,llm_experiments_data/arrays/extended_imdb_0_pure_logits_greedy_50_temp_calibrate_then_pool_2025-09-21.npz,0.8945585673151014,1.09892,0.9933586527999999,0.9857506080715516,0.01424939192844843
imdb,0,pure_logits,greedy_5_temp_calibrate_then_pool,5,5,0.10636667907238,1.975102040816327,,,0.1201834678649902,0.0359547138214111,llm_experiments_data/arrays/extended_imdb_0_pure_logits_greedy_5_temp_calibrate_then_pool_2025-09-21.npz,0.9161955236998243,1.107,0.9932772832000001,0.9856027574024865,0.014397242597513515
imdb,0,pure_logits,greedy_5_post_calib,5,5,0.1006988659501075,1.6423157017909205,0.4298209079550187,1.0,0.1201834678649902,2.603549003601074,llm_experiments_data/arrays/extended_imdb_0_pure_logits_greedy_5_post_calib_2025-09-21.npz,0.9509621946209896,1.10292,0.9934062496,0.9856744476531746,0.014325552346825421
imdb,0,pure_logits,greedy_50_post_calib,50,19,0.0971838608384132,1.53076218242399,0.614743856726364,1.0,0.1201834678649902,12.049545288085938,llm_experiments_data/arrays/extended_imdb_0_pure_logits_greedy_50_post_calib_2025-09-21.npz,0.947060595353925,1.09612,0.9931797888,0.9856426274834353,0.01435737251656466
imdb,1,pure_logits,greedy_5_baseline,5,5,0.1155015230178833,,,,0.0966358184814453,0.0,llm_experiments_data/arrays/extended_imdb_1_pure_logits_greedy_5_baseline_2025-09-21.npz,0.992191306592376,1.09372,0.9937293744074037,0.9861278677191443,0.013872132280855709
imdb,1,pure_logits,greedy_50_baseline,50,18,0.1034343913197517,,,,0.0966358184814453,0.0,llm_experiments_data/arrays/extended_imdb_1_pure_logits_greedy_50_baseline_2025-09-21.npz,0.9579239491627013,1.11524,0.9910968269307643,0.9837534906872707,0.016246509312729307
imdb,1,pure_logits,greedy_50_temp_pool_then_calibrate,50,18,0.1030050814151763,1.0714285714285714,,,0.0966358184814453,0.00970458984375,llm_experiments_data/arrays/extended_imdb_1_pure_logits_greedy_50_temp_pool_then_calibrate_2025-09-21.npz,0.947060595353925,1.11128,0.9910968173306933,0.9837534906872707,0.016246509312729307
imdb,1,pure_logits,greedy_5_temp_pool_then_calibrate,5,5,0.0983807742595672,1.5673469387755103,,,0.0966358184814453,0.0081782341003417,llm_experiments_data/arrays/extended_imdb_1_pure_logits_greedy_5_temp_pool_then_calibrate_2025-09-21.npz,0.9579239491627013,1.09556,0.9937293712073798,0.9861278677191443,0.013872132280855709
imdb,1,pure_logits,greedy_50_temp_calibrate_then_pool,50,18,0.1089863553643226,2.1315918367346938,,,0.0966358184814453,0.3681893348693847,llm_experiments_data/arrays/extended_imdb_1_pure_logits_greedy_50_temp_calibrate_then_pool_2025-09-21.npz,0.9023295314812454,1.0986,0.9932257834816365,0.985714136104407,0.014285863895593054
imdb,1,pure_logits,greedy_5_temp_calibrate_then_pool,5,5,0.101436898112297,1.9861224489795923,,,0.0966358184814453,0.040553331375122,llm_experiments_data/arrays/extended_imdb_1_pure_logits_greedy_5_temp_calibrate_then_pool_2025-09-21.npz,0.9383014287164605,1.09708,0.9937904084589579,0.9861956939388906,0.013804306061109384
imdb,1,pure_logits,greedy_5_post_calib,5,5,0.097522459924221,1.4077634319033736,1.814244064972928,1.0,0.0966358184814453,2.5722579956054688,llm_experiments_data/arrays/extended_imdb_1_pure_logits_greedy_5_post_calib_2025-09-21.npz,0.9509621946209896,1.0978,0.9934506779454958,0.9858452042860267,0.014154795713973267
imdb,1,pure_logits,greedy_50_post_calib,50,18,0.0975896790623664,1.535360266555602,0.6697209496043316,1.0,0.0966358184814453,12.132640600204468,llm_experiments_data/arrays/extended_imdb_1_pure_logits_greedy_50_post_calib_2025-09-21.npz,0.9509621946209896,1.10496,0.9928824081412085,0.9854834586969089,0.014516541303091102
imdb,2,pure_logits,greedy_5_baseline,5,5,0.1148613765835762,,,,0.0979328155517578,0.0,llm_experiments_data/arrays/extended_imdb_2_pure_logits_greedy_5_baseline_2025-09-21.npz,0.9885496566989003,1.09592,0.9936989271673133,0.9861212479091997,0.01387875209080025
imdb,2,pure_logits,greedy_50_baseline,50,15,0.1020261943340301,,,,0.0979328155517578,0.0,llm_experiments_data/arrays/extended_imdb_2_pure_logits_greedy_50_baseline_2025-09-21.npz,0.947060595353925,1.1078,0.9911494599356543,0.9837227341303949,0.016277265869605095
imdb,2,pure_logits,greedy_50_temp_pool_then_calibrate,50,15,0.102026529610157,1.0714285714285714,,,0.0979328155517578,0.0089437961578369,llm_experiments_data/arrays/extended_imdb_2_pure_logits_greedy_50_temp_pool_then_calibrate_2025-09-21.npz,0.9383014287164605,1.10932,0.9911494663356584,0.9837227341303949,0.016277265869605095
imdb,2,pure_logits,greedy_5_temp_pool_then_calibrate,5,5,0.1007403060793876,1.5122448979591838,,,0.0979328155517578,0.0074999332427978,llm_experiments_data/arrays/extended_imdb_2_pure_logits_greedy_5_temp_pool_then_calibrate_2025-09-21.npz,0.9509621946209896,1.09684,0.9936989335673175,0.9861212479091997,0.01387875209080025
imdb,2,pure_logits,greedy_50_temp_calibrate_then_pool,50,15,0.1096207126975059,2.120571428571429,,,0.0979328155517578,0.3555381298065185,llm_experiments_data/arrays/extended_imdb_2_pure_logits_greedy_50_temp_calibrate_then_pool_2025-09-21.npz,0.8945585673151014,1.10096,0.993466507818565,0.9858600834616426,0.014139916538357444
imdb,2,pure_logits,greedy_5_temp_calibrate_then_pool,5,5,0.1039995327591896,1.9089795918367352,,,0.0979328155517578,0.0367777347564697,llm_experiments_data/arrays/extended_imdb_2_pure_logits_greedy_5_temp_calibrate_then_pool_2025-09-21.npz,0.9280930013497567,1.09724,0.9937804920195148,0.9861492373383538,0.013850762661646199
imdb,2,pure_logits,greedy_5_post_calib,5,5,0.0998461842536926,1.4511953352769682,1.5993336109954186,1.0,0.0979328155517578,2.5087740421295166,llm_experiments_data/arrays/extended_imdb_2_pure_logits_greedy_5_post_calib_2025-09-21.npz,0.9428485727976632,1.09696,0.9936189175161071,0.9860491217406989,0.01395087825930108
imdb,2,pure_logits,greedy_50_post_calib,50,15,0.0963173434138298,1.6423157017909205,0.5247813411078717,1.0,0.0979328155517578,12.04988980293274,llm_experiments_data/arrays/extended_imdb_2_pure_logits_greedy_50_post_calib_2025-09-21.npz,0.9383014287164605,1.09296,0.9935981815028361,0.9859666523114848,0.014033347688515163
imdb,3,pure_logits,greedy_5_baseline,5,5,0.1178968921303749,,,,0.094620943069458,0.0,llm_experiments_data/arrays/extended_imdb_3_pure_logits_greedy_5_baseline_2025-09-21.npz,0.9885496566989003,1.1086,0.9929577290364321,0.9855251371200042,0.014474862879995776
imdb,3,pure_logits,greedy_50_baseline,50,19,0.1088101491332054,,,,0.094620943069458,0.0,llm_experiments_data/arrays/extended_imdb_3_pure_logits_greedy_50_baseline_2025-09-21.npz,0.9579239491627013,1.12536,0.9914354310589413,0.9843793611991313,0.015620638800868725
imdb,3,pure_logits,greedy_50_temp_pool_then_calibrate,50,19,0.1058697625994682,1.126530612244898,,,0.094620943069458,0.0096125602722167,llm_experiments_data/arrays/extended_imdb_3_pure_logits_greedy_50_temp_pool_then_calibrate_2025-09-21.npz,0.9428485727976632,1.13264,0.9914354694593546,0.9843774795630039,0.015622520436996079
imdb,3,pure_logits,greedy_5_temp_pool_then_calibrate,5,5,0.105005607008934,1.4020408163265308,,,0.094620943069458,0.0072293281555175,llm_experiments_data/arrays/extended_imdb_3_pure_logits_greedy_5_temp_pool_then_calibrate_2025-09-21.npz,0.9610249264065008,1.10952,0.992957751436673,0.9855251371200042,0.014474862879995776
imdb,3,pure_logits,greedy_50_temp_calibrate_then_pool,50,19,0.1065542697906494,2.091918367346939,,,0.094620943069458,0.3693470954895019,llm_experiments_data/arrays/extended_imdb_3_pure_logits_greedy_50_temp_calibrate_then_pool_2025-09-21.npz,0.9023295314812454,1.09924,0.9928541375219531,0.9853933326938705,0.014606667306129473
imdb,3,pure_logits,greedy_5_temp_calibrate_then_pool,5,5,0.1064167842268943,1.9751020408163265,,,0.094620943069458,0.0403690338134765,llm_experiments_data/arrays/extended_imdb_3_pure_logits_greedy_5_temp_calibrate_then_pool_2025-09-21.npz,0.9223718584262055,1.1054,0.9929271559075141,0.9855199045317223,0.014480095468277665
imdb,3,pure_logits,greedy_5_post_calib,5,5,0.1030147820711135,1.6290712203248647,0.326530612244898,1.0,0.094620943069458,2.472672700881958,llm_experiments_data/arrays/extended_imdb_3_pure_logits_greedy_5_post_calib_2025-09-21.npz,0.9610249264065008,1.10712,0.9930797879495905,0.9856557698467598,0.014344230153240156
imdb,3,pure_logits,greedy_50_post_calib,50,19,0.0991458222270011,1.53076218242399,0.6397334443981675,1.0,0.094620943069458,11.886399269104004,llm_experiments_data/arrays/extended_imdb_3_pure_logits_greedy_50_post_calib_2025-09-21.npz,0.9509621946209896,1.10636,0.9926662123001784,0.9852994148103915,0.014700585189608484
imdb,4,pure_logits,greedy_5_baseline,5,5,0.122335098683834,,,,0.0953352451324462,0.0,llm_experiments_data/arrays/extended_imdb_4_pure_logits_greedy_5_baseline_2025-09-21.npz,0.992191306592376,1.09308,0.9935110521355315,0.9859904463908261,0.014009553609173886
imdb,4,pure_logits,greedy_50_baseline,50,14,0.1074721291661262,,,,0.0953352451324462,0.0,llm_experiments_data/arrays/extended_imdb_4_pure_logits_greedy_50_baseline_2025-09-21.npz,0.9579239491627013,1.11416,0.9906149942389754,0.983564856504251,0.01643514349574904
imdb,4,pure_logits,greedy_50_temp_pool_then_calibrate,50,14,0.1072030439972877,1.0163265306122449,,,0.0953352451324462,0.0088798999786376,llm_experiments_data/arrays/extended_imdb_4_pure_logits_greedy_50_temp_pool_then_calibrate_2025-09-21.npz,0.954576248590888,1.10916,0.9906150070389766,0.983564856504251,0.01643514349574904
imdb,4,pure_logits,greedy_5_temp_pool_then_calibrate,5,5,0.1014102846384048,1.5122448979591838,,,0.0953352451324462,0.0076034069061279,llm_experiments_data/arrays/extended_imdb_4_pure_logits_greedy_5_temp_pool_then_calibrate_2025-09-21.npz,0.9610249264065008,1.09328,0.9935110905355358,0.9859904463908261,0.014009553609173886
imdb,4,pure_logits,greedy_50_temp_calibrate_then_pool,50,14,0.1085590347647667,1.9817142857142855,,,0.0953352451324462,0.3748562335968017,llm_experiments_data/arrays/extended_imdb_4_pure_logits_greedy_50_temp_calibrate_then_pool_2025-09-21.npz,0.9095277807047543,1.09844,0.9929185592748605,0.9854707635529094,0.014529236447090588
imdb,4,pure_logits,greedy_5_temp_calibrate_then_pool,5,5,0.1015563681721687,1.8979591836734693,,,0.0953352451324462,0.0383698940277099,llm_experiments_data/arrays/extended_imdb_4_pure_logits_greedy_5_temp_calibrate_then_pool_2025-09-21.npz,0.9428485727976632,1.09524,0.9935919673438175,0.9860502446107176,0.013949755389282448
imdb,4,pure_logits,greedy_5_post_calib,5,5,0.1012125760316848,1.5184173261141192,1.1895043731778423,1.0,0.0953352451324462,2.6834540367126465,llm_experiments_data/arrays/extended_imdb_4_pure_logits_greedy_5_post_calib_2025-09-21.npz,0.9638973636691187,1.09736,0.9935274553372114,0.9859986627997077,0.014001337200292285
imdb,4,pure_logits,greedy_50_post_calib,50,14,0.1013088077306747,1.4192086630570595,0.6097459391920034,1.0,0.0953352451324462,11.683313131332396,llm_experiments_data/arrays/extended_imdb_4_pure_logits_greedy_50_post_calib_2025-09-21.npz,0.9579239491627013,1.10228,0.9926363928459666,0.9852987490617404,0.01470125093825958
mteb/tweet_sentiment_extraction,0,pure_logits,greedy_5_baseline,5,5,0.5085240006446838,,,,0.0922915935516357,0.0,llm_experiments_data/arrays/extended_mteb_tweet_sentiment_extraction_0_pure_logits_greedy_5_baseline_2025-09-21.npz,0.9804316278758956,2.413978494623656,0.9290633270075307,0.9066999582004225,0.09330004179957752
mteb/tweet_sentiment_extraction,0,pure_logits,greedy_50_baseline,50,21,0.4772296249866485,,,,0.0922915935516357,0.0,llm_experiments_data/arrays/extended_mteb_tweet_sentiment_extraction_0_pure_logits_greedy_50_baseline_2025-09-21.npz,0.9690227498992263,2.1723259762309,0.9368018379395576,0.9174950269338471,0.0825049730661529
mteb/tweet_sentiment_extraction,0,pure_logits,greedy_50_temp_pool_then_calibrate,50,21,0.4756306111812591,1.0714285714285714,,,0.0922915935516357,0.0092082023620605,llm_experiments_data/arrays/extended_mteb_tweet_sentiment_extraction_0_pure_logits_greedy_50_temp_pool_then_calibrate_2025-09-21.npz,0.9610249264065008,2.1661007357102435,0.9368225785097898,0.917528046939206,0.08247195306079402
mteb/tweet_sentiment_extraction,0,pure_logits,greedy_5_temp_pool_then_calibrate,5,5,0.5069676637649536,1.0714285714285714,,,0.0922915935516357,0.0087878704071044,llm_experiments_data/arrays/extended_mteb_tweet_sentiment_extraction_0_pure_logits_greedy_5_temp_pool_then_calibrate_2025-09-21.npz,0.9753793916128501,2.4193548387096775,0.9290695234186525,0.9067197252154624,0.0932802747845376
mteb/tweet_sentiment_extraction,0,pure_logits,greedy_50_temp_calibrate_then_pool,50,21,0.5079112648963928,2.2241632653061227,,,0.0922915935516357,0.4329650402069092,llm_experiments_data/arrays/extended_mteb_tweet_sentiment_extraction_0_pure_logits_greedy_50_temp_calibrate_then_pool_2025-09-21.npz,0.8861693212364476,2.1004527447651387,0.9411164980292447,0.9243965266142284,0.07560347338577156
mteb/tweet_sentiment_extraction,0,pure_logits,greedy_5_temp_calibrate_then_pool,5,5,0.5297789573669434,2.1514285714285712,,,0.0922915935516357,0.0471136569976806,llm_experiments_data/arrays/extended_mteb_tweet_sentiment_extraction_0_pure_logits_greedy_5_temp_calibrate_then_pool_2025-09-21.npz,0.8945585673151014,2.1989247311827955,0.9359324475288154,0.9169510966664685,0.08304890333353154
mteb/tweet_sentiment_extraction,0,pure_logits,greedy_5_post_calib,5,5,0.4809848666191101,1.5060724698042485,0.2448979591836734,1.0,0.0922915935516357,3.3278157711029053,llm_experiments_data/arrays/extended_mteb_tweet_sentiment_extraction_0_pure_logits_greedy_5_post_calib_2025-09-21.npz,0.9610249264065008,2.257215619694397,0.9375954362587753,0.9202552172681663,0.07974478273183372
mteb/tweet_sentiment_extraction,0,pure_logits,greedy_50_post_calib,50,21,0.4686969518661499,1.4393002915451896,0.6547271970012495,1.0,0.0922915935516357,15.484427452087402,llm_experiments_data/arrays/extended_mteb_tweet_sentiment_extraction_0_pure_logits_greedy_50_post_calib_2025-09-21.npz,0.9509621946209896,2.0512167515563102,0.9404750961557914,0.9238375424651475,0.07616245753485251
mteb/tweet_sentiment_extraction,1,pure_logits,greedy_5_baseline,5,5,0.5095067620277405,,,,0.0947704315185546,0.0,llm_experiments_data/arrays/extended_mteb_tweet_sentiment_extraction_1_pure_logits_greedy_5_baseline_2025-09-21.npz,0.9855933637950631,2.2736276174306735,0.934845249918851,0.9096469903512447,0.09035300964875526
mteb/tweet_sentiment_extraction,1,pure_logits,greedy_50_baseline,50,23,0.4770248830318451,,,,0.0947704315185546,0.0,llm_experiments_data/arrays/extended_mteb_tweet_sentiment_extraction_1_pure_logits_greedy_50_baseline_2025-09-21.npz,0.9690227498992263,2.199773627617431,0.9369353206473603,0.9158784078673936,0.0841215921326064
mteb/tweet_sentiment_extraction,1,pure_logits,greedy_50_temp_pool_then_calibrate,50,23,0.4765161573886871,1.0714285714285714,,,0.0947704315185546,0.0118477344512939,llm_experiments_data/arrays/extended_mteb_tweet_sentiment_extraction_1_pure_logits_greedy_50_temp_pool_then_calibrate_2025-09-21.npz,0.9638973636691187,2.229202037351443,0.9369683244756878,0.9160306854239558,0.08396931457604417
mteb/tweet_sentiment_extraction,1,pure_logits,greedy_5_temp_pool_then_calibrate,5,5,0.5042905211448669,1.126530612244898,,,0.0947704315185546,0.0089311599731445,llm_experiments_data/arrays/extended_mteb_tweet_sentiment_extraction_1_pure_logits_greedy_5_temp_pool_then_calibrate_2025-09-21.npz,0.9771939142407526,2.248443689869836,0.9347352591141966,0.9098414561450724,0.09015854385492761
mteb/tweet_sentiment_extraction,1,pure_logits,greedy_50_temp_calibrate_then_pool,50,23,0.5102941393852234,2.2616326530612247,,,0.0947704315185546,0.4457871913909912,llm_experiments_data/arrays/extended_mteb_tweet_sentiment_extraction_1_pure_logits_greedy_50_temp_calibrate_then_pool_2025-09-21.npz,0.8861693212364476,2.1378041878890777,0.9412828539258223,0.9246608219446021,0.07533917805539792
mteb/tweet_sentiment_extraction,1,pure_logits,greedy_5_temp_calibrate_then_pool,5,5,0.5154902935028076,2.129387755102041,,,0.0947704315185546,0.0461559295654296,llm_experiments_data/arrays/extended_mteb_tweet_sentiment_extraction_1_pure_logits_greedy_5_temp_calibrate_then_pool_2025-09-21.npz,0.9023295314812454,2.1992076966610075,0.9384309097813125,0.9187395171470121,0.08126048285298793
mteb/tweet_sentiment_extraction,1,pure_logits,greedy_5_post_calib,5,5,0.4754492342472076,1.5481549354435653,0.2448979591836734,1.0,0.0947704315185546,3.4474477767944336,llm_experiments_data/arrays/extended_mteb_tweet_sentiment_extraction_1_pure_logits_greedy_5_post_calib_2025-09-21.npz,0.9428485727976632,2.0336728919071874,0.9397133926185394,0.9215550469616146,0.07844495303838539
mteb/tweet_sentiment_extraction,1,pure_logits,greedy_50_post_calib,50,23,0.467235267162323,1.4511953352769682,0.5847563515201999,1.0,0.0947704315185546,15.770180225372314,llm_experiments_data/arrays/extended_mteb_tweet_sentiment_extraction_1_pure_logits_greedy_50_post_calib_2025-09-21.npz,0.9509621946209896,2.0534804753820035,0.9407784341816701,0.9237147752504838,0.07628522474951616
mteb/tweet_sentiment_extraction,2,pure_logits,greedy_5_baseline,5,5,0.4976391792297363,,,,0.0949506759643554,0.0,llm_experiments_data/arrays/extended_mteb_tweet_sentiment_extraction_2_pure_logits_greedy_5_baseline_2025-09-21.npz,0.9804316278758956,2.43350311262026,0.9314046892508365,0.9087807909804045,0.09121920901959546
mteb/tweet_sentiment_extraction,2,pure_logits,greedy_50_baseline,50,23,0.4738423824310303,,,,0.0949506759643554,0.0,llm_experiments_data/arrays/extended_mteb_tweet_sentiment_extraction_2_pure_logits_greedy_50_baseline_2025-09-21.npz,0.9753793916128501,2.32088285229202,0.936693719732232,0.9137641726061754,0.08623582739382463
mteb/tweet_sentiment_extraction,2,pure_logits,greedy_50_temp_pool_then_calibrate,50,23,0.4736723005771637,1.0163265306122449,,,0.0949506759643554,0.0112102031707763,llm_experiments_data/arrays/extended_mteb_tweet_sentiment_extraction_2_pure_logits_greedy_50_temp_pool_then_calibrate_2025-09-21.npz,0.9734204999598582,2.309564233163554,0.9367032704706872,0.9137904835651531,0.08620951643484687
mteb/tweet_sentiment_extraction,2,pure_logits,greedy_5_temp_pool_then_calibrate,5,5,0.4971521198749542,1.0714285714285714,,,0.0949506759643554,0.0088942050933837,llm_experiments_data/arrays/extended_mteb_tweet_sentiment_extraction_2_pure_logits_greedy_5_temp_pool_then_calibrate_2025-09-21.npz,0.9753793916128501,2.437181663837012,0.9314293347966417,0.9087833927053246,0.0912166072946754
mteb/tweet_sentiment_extraction,2,pure_logits,greedy_50_temp_calibrate_then_pool,50,23,0.5130634307861328,2.3090204081632653,,,0.0949506759643554,0.4319229125976562,llm_experiments_data/arrays/extended_mteb_tweet_sentiment_extraction_2_pure_logits_greedy_50_temp_calibrate_then_pool_2025-09-21.npz,0.8861693212364476,2.160724391624222,0.9409167574572552,0.9241942568292496,0.0758057431707504
mteb/tweet_sentiment_extraction,2,pure_logits,greedy_5_temp_calibrate_then_pool,5,5,0.5255314707756042,2.151428571428572,,,0.0949506759643554,0.0421428680419921,llm_experiments_data/arrays/extended_mteb_tweet_sentiment_extraction_2_pure_logits_greedy_5_temp_calibrate_then_pool_2025-09-21.npz,0.8861693212364476,2.1267685342388227,0.9376272630735313,0.9184128086630505,0.08158719133694947
mteb/tweet_sentiment_extraction,2,pure_logits,greedy_5_post_calib,5,5,0.4765148460865021,1.53076218242399,0.163265306122449,1.0,0.0949506759643554,3.1679775714874268,llm_experiments_data/arrays/extended_mteb_tweet_sentiment_extraction_2_pure_logits_greedy_5_post_calib_2025-09-21.npz,0.9509621946209896,2.1338426711941145,0.9386861000449396,0.9215001907713816,0.07849980922861843
mteb/tweet_sentiment_extraction,2,pure_logits,greedy_50_post_calib,50,23,0.4665455818176269,1.4511953352769682,0.599750104123282,1.0,0.0949506759643554,15.813072681427002,llm_experiments_data/arrays/extended_mteb_tweet_sentiment_extraction_2_pure_logits_greedy_50_post_calib_2025-09-21.npz,0.9509621946209896,2.058573853989813,0.9403062099207077,0.9230100863295325,0.07698991367046748
mteb/tweet_sentiment_extraction,3,pure_logits,greedy_5_baseline,5,5,0.5257154107093811,,,,0.0910985469818115,0.0,llm_experiments_data/arrays/extended_mteb_tweet_sentiment_extraction_3_pure_logits_greedy_5_baseline_2025-09-21.npz,0.9908993078017677,2.1661007357102435,0.932248968947022,0.9151641717787296,0.08483582822127045
mteb/tweet_sentiment_extraction,3,pure_logits,greedy_50_baseline,50,21,0.4848136305809021,,,,0.0910985469818115,0.0,llm_experiments_data/arrays/extended_mteb_tweet_sentiment_extraction_3_pure_logits_greedy_50_baseline_2025-09-21.npz,0.9734204999598582,2.2439162422184493,0.934640193481001,0.9130203474338409,0.08697965256615914
mteb/tweet_sentiment_extraction,3,pure_logits,greedy_50_temp_pool_then_calibrate,50,21,0.4842931032180786,1.0163265306122449,,,0.0910985469818115,0.0113086700439453,llm_experiments_data/arrays/extended_mteb_tweet_sentiment_extraction_3_pure_logits_greedy_50_temp_pool_then_calibrate_2025-09-21.npz,0.9713057528362042,2.233446519524618,0.9346420326298266,0.9129872550448366,0.08701274495516342
mteb/tweet_sentiment_extraction,3,pure_logits,greedy_5_temp_pool_then_calibrate,5,5,0.4929020404815674,1.4020408163265308,,,0.0910985469818115,0.0094425678253173,llm_experiments_data/arrays/extended_mteb_tweet_sentiment_extraction_3_pure_logits_greedy_5_temp_pool_then_calibrate_2025-09-21.npz,0.9665581041966967,2.1774193548387095,0.9322445213273028,0.9149139219331893,0.08508607806681068
mteb/tweet_sentiment_extraction,3,pure_logits,greedy_50_temp_calibrate_then_pool,50,21,0.5155365467071533,2.270448979591837,,,0.0910985469818115,0.4512662887573242,llm_experiments_data/arrays/extended_mteb_tweet_sentiment_extraction_3_pure_logits_greedy_50_temp_calibrate_then_pool_2025-09-21.npz,0.8945585673151014,2.191850594227504,0.9389815289572031,0.9228540696310317,0.07714593036896833
mteb/tweet_sentiment_extraction,3,pure_logits,greedy_5_temp_calibrate_then_pool,5,5,0.501103401184082,2.1624489795918365,,,0.0910985469818115,0.0462744235992431,llm_experiments_data/arrays/extended_mteb_tweet_sentiment_extraction_3_pure_logits_greedy_5_temp_calibrate_then_pool_2025-09-21.npz,0.9161955236998243,2.22014714204867,0.9366344425747419,0.9193046191610504,0.08069538083894956
mteb/tweet_sentiment_extraction,3,pure_logits,greedy_5_post_calib,5,5,0.4799715280532837,1.615826738858809,0.4631403581840899,1.0,0.0910985469818115,3.5040547847747803,llm_experiments_data/arrays/extended_mteb_tweet_sentiment_extraction_3_pure_logits_greedy_5_post_calib_2025-09-21.npz,0.954576248590888,2.129032258064516,0.9368093540881328,0.9204239310278163,0.07957606897218372
mteb/tweet_sentiment_extraction,3,pure_logits,greedy_50_post_calib,50,21,0.4759505689144134,1.4077634319033736,0.6297376093294461,1.0,0.0910985469818115,15.944480419158936,llm_experiments_data/arrays/extended_mteb_tweet_sentiment_extraction_3_pure_logits_greedy_50_post_calib_2025-09-21.npz,0.9579239491627013,2.120260328239955,0.9381998345740955,0.9214934399743896,0.0785065600256104
mteb/tweet_sentiment_extraction,4,pure_logits,greedy_5_baseline,5,5,0.5060391426086426,,,,0.0899152755737304,0.0,llm_experiments_data/arrays/extended_mteb_tweet_sentiment_extraction_4_pure_logits_greedy_5_baseline_2025-09-21.npz,0.9713057528362042,2.353140916808149,0.9306375580802495,0.9112102135786987,0.08878978642130131
mteb/tweet_sentiment_extraction,4,pure_logits,greedy_50_baseline,50,21,0.468384712934494,,,,0.0899152755737304,0.0,llm_experiments_data/arrays/extended_mteb_tweet_sentiment_extraction_4_pure_logits_greedy_50_baseline_2025-09-21.npz,0.9690227498992263,2.2031692133559706,0.9392088454567112,0.9185847863714122,0.08141521362858783
mteb/tweet_sentiment_extraction,4,pure_logits,greedy_50_temp_pool_then_calibrate,50,21,0.4687075018882751,1.0714285714285714,,,0.0899152755737304,0.0094382762908935,llm_experiments_data/arrays/extended_mteb_tweet_sentiment_extraction_4_pure_logits_greedy_50_temp_pool_then_calibrate_2025-09-21.npz,0.9610249264065008,2.192133559705716,0.9392184810580749,0.9187507693254406,0.08124923067455936
mteb/tweet_sentiment_extraction,4,pure_logits,greedy_5_temp_pool_then_calibrate,5,5,0.5047886371612549,0.9612244897959183,,,0.0899152755737304,0.0089623928070068,llm_experiments_data/arrays/extended_mteb_tweet_sentiment_extraction_4_pure_logits_greedy_5_temp_pool_then_calibrate_2025-09-21.npz,0.9753793916128501,2.374080362195812,0.9306836935564794,0.9112081013491607,0.08879189865083925
mteb/tweet_sentiment_extraction,4,pure_logits,greedy_50_temp_calibrate_then_pool,50,21,0.5091643929481506,2.3090204081632653,,,0.0899152755737304,0.4394028186798095,llm_experiments_data/arrays/extended_mteb_tweet_sentiment_extraction_4_pure_logits_greedy_50_temp_calibrate_then_pool_2025-09-21.npz,0.8771126008265363,2.098471986417657,0.9431616642220412,0.927137957915371,0.07286204208462899
mteb/tweet_sentiment_extraction,4,pure_logits,greedy_5_temp_calibrate_then_pool,5,5,0.5478106737136841,2.0742857142857143,,,0.0899152755737304,0.0441985130310058,llm_experiments_data/arrays/extended_mteb_tweet_sentiment_extraction_4_pure_logits_greedy_5_temp_calibrate_then_pool_2025-09-21.npz,0.8771126008265363,2.177136389360498,0.9366688324807325,0.9202378535491421,0.07976214645085788
mteb/tweet_sentiment_extraction,4,pure_logits,greedy_5_post_calib,5,5,0.4732873737812042,1.3414410662224074,0.0,1.0,0.0899152755737304,3.351055145263672,llm_experiments_data/arrays/extended_mteb_tweet_sentiment_extraction_4_pure_logits_greedy_5_post_calib_2025-09-21.npz,0.947060595353925,2.089417091114884,0.9385851629701375,0.9217377457464423,0.0782622542535577
mteb/tweet_sentiment_extraction,4,pure_logits,greedy_50_post_calib,50,21,0.4618021249771118,1.474985422740525,0.5897542690545606,1.0,0.0899152755737304,16.132995128631592,llm_experiments_data/arrays/extended_mteb_tweet_sentiment_extraction_4_pure_logits_greedy_50_post_calib_2025-09-21.npz,0.947060595353925,2.033106960950764,0.942543237317465,0.9260330291234973,0.07396697087650272
ag_news,0,pure_logits,greedy_5_baseline,5,5,0.1750968545675277,,,,0.2603609561920166,0.0,llm_experiments_data/arrays/extended_ag_news_0_pure_logits_greedy_5_baseline_2025-09-21.npz,0.995067237475685,1.2822368421052632,0.9941241343490305,0.9829364291147046,0.01706357088529542
ag_news,0,pure_logits,greedy_50_baseline,50,19,0.1581828445196151,,,,0.2603609561920166,0.0,llm_experiments_data/arrays/extended_ag_news_0_pure_logits_greedy_50_baseline_2025-09-21.npz,0.9844471273184587,1.3819736842105264,0.9927221144967682,0.9807988046061841,0.01920119539381593
ag_news,0,pure_logits,greedy_50_temp_pool_then_calibrate,50,19,0.1541571319103241,1.126530612244898,,,0.2603609561920166,0.029942512512207,llm_experiments_data/arrays/extended_ag_news_0_pure_logits_greedy_50_temp_pool_then_calibrate_2025-09-21.npz,0.9734204999598582,1.3694736842105264,0.9927154778393351,0.9807638397426371,0.019236160257362855
ag_news,0,pure_logits,greedy_5_temp_pool_then_calibrate,5,5,0.1535082310438156,1.4571428571428573,,,0.2603609561920166,0.0259132385253906,llm_experiments_data/arrays/extended_ag_news_0_pure_logits_greedy_5_temp_pool_then_calibrate_2025-09-21.npz,0.9713057528362042,1.283421052631579,0.9941288434903047,0.982916462419486,0.017083537580513952
ag_news,0,pure_logits,greedy_50_temp_calibrate_then_pool,50,19,0.1523907333612442,1.8131020408163263,,,0.2603609561920166,1.3693201541900637,llm_experiments_data/arrays/extended_ag_news_0_pure_logits_greedy_50_temp_calibrate_then_pool_2025-09-21.npz,0.9383014287164605,1.2867105263157894,0.9942432479224377,0.9829154309818976,0.017084569018102402
ag_news,0,pure_logits,greedy_5_temp_calibrate_then_pool,5,5,0.1535868048667907,1.809795918367347,,,0.2603609561920166,0.1357424259185791,llm_experiments_data/arrays/extended_ag_news_0_pure_logits_greedy_5_temp_calibrate_then_pool_2025-09-21.npz,0.947060595353925,1.2823684210526316,0.9942743074792244,0.982924446592402,0.017075553407598032
ag_news,0,pure_logits,greedy_5_post_calib,5,5,0.1498976498842239,1.5609496043315287,0.7097042898792171,1.0,0.2603609561920166,12.008819580078123,llm_experiments_data/arrays/extended_ag_news_0_pure_logits_greedy_5_post_calib_2025-09-21.npz,0.9690227498992263,1.275,0.9943169205909511,0.9830108851530642,0.01698911484693577
ag_news,0,pure_logits,greedy_50_post_calib,50,19,0.1444517970085144,1.5184173261141192,0.614743856726364,1.0,0.2603609561920166,85.3570249080658,llm_experiments_data/arrays/extended_ag_news_0_pure_logits_greedy_50_post_calib_2025-09-21.npz,0.9690227498992263,1.265921052631579,0.9944744921514311,0.9832628836565457,0.016737116343454317
ag_news,1,pure_logits,greedy_5_baseline,5,5,0.1725944429636001,,,,0.2740819454193115,0.0,llm_experiments_data/arrays/extended_ag_news_1_pure_logits_greedy_5_baseline_2025-09-21.npz,0.9855933637950631,1.3980263157894737,0.9918700472754304,0.9798584020510445,0.020141597948955536
ag_news,1,pure_logits,greedy_50_baseline,50,20,0.1594323217868805,,,,0.2740819454193115,0.0,llm_experiments_data/arrays/extended_ag_news_1_pure_logits_greedy_50_baseline_2025-09-21.npz,0.9832096927272072,1.3707894736842106,0.9924450780195118,0.9801627141434424,0.01983728585655764
ag_news,1,pure_logits,greedy_50_temp_pool_then_calibrate,50,20,0.1553765684366226,1.126530612244898,,,0.2740819454193115,0.0283112525939941,llm_experiments_data/arrays/extended_ag_news_1_pure_logits_greedy_50_temp_pool_then_calibrate_2025-09-21.npz,0.9734204999598582,1.3813157894736843,0.9924477302095789,0.9801252467027123,0.019874753297287717
ag_news,1,pure_logits,greedy_5_temp_pool_then_calibrate,5,5,0.1694981902837753,1.126530612244898,,,0.2740819454193115,0.028550386428833,llm_experiments_data/arrays/extended_ag_news_1_pure_logits_greedy_5_temp_pool_then_calibrate_2025-09-21.npz,0.9771939142407526,1.4059210526315788,0.9918705661883191,0.9798630985932103,0.020136901406789698
ag_news,1,pure_logits,greedy_50_temp_calibrate_then_pool,50,20,0.1526158601045608,1.800979591836735,,,0.2740819454193115,1.380401372909546,llm_experiments_data/arrays/extended_ag_news_1_pure_logits_greedy_50_temp_calibrate_then_pool_2025-09-21.npz,0.9333924998066478,1.256578947368421,0.9941687314026427,0.982623056064376,0.017376943935623945
ag_news,1,pure_logits,greedy_5_temp_calibrate_then_pool,5,5,0.1662599295377731,1.6775510204081634,,,0.2740819454193115,0.1613550186157226,llm_experiments_data/arrays/extended_ag_news_1_pure_logits_greedy_5_temp_calibrate_then_pool_2025-09-21.npz,0.9383014287164605,1.3551315789473684,0.9928644384360067,0.9809978357543067,0.019002164245693343
ag_news,1,pure_logits,greedy_5_post_calib,5,5,0.1502299159765243,1.4813827571845066,0.2149104539775093,1.0,0.2740819454193115,11.518959999084473,llm_experiments_data/arrays/extended_ag_news_1_pure_logits_greedy_5_post_calib_2025-09-21.npz,0.9665581041966967,1.2607894736842105,0.9938721736880116,0.9824852961727671,0.017514703827232858
ag_news,1,pure_logits,greedy_50_post_calib,50,20,0.1448494642972946,1.5060724698042485,0.614743856726364,1.0,0.2740819454193115,89.41082000732422,llm_experiments_data/arrays/extended_ag_news_1_pure_logits_greedy_50_post_calib_2025-09-21.npz,0.9638973636691187,1.2228947368421053,0.9943802669684754,0.9829000625012428,0.017099937498757156
ag_news,2,pure_logits,greedy_5_baseline,5,5,0.1652709245681762,,,,0.2685348987579345,0.0,llm_experiments_data/arrays/extended_ag_news_2_pure_logits_greedy_5_baseline_2025-09-21.npz,0.9832096927272072,1.3698684210526315,0.9925451987052606,0.9802456667971765,0.019754333202823493
ag_news,2,pure_logits,greedy_50_baseline,50,20,0.1518179774284362,,,,0.2685348987579345,0.0,llm_experiments_data/arrays/extended_ag_news_2_pure_logits_greedy_50_baseline_2025-09-21.npz,0.9804316278758956,1.3480263157894736,0.9932400188007051,0.9811066894414667,0.01889331055853327
ag_news,2,pure_logits,greedy_50_temp_pool_then_calibrate,50,20,0.1488304287195205,1.1816326530612244,,,0.2685348987579345,0.0297672748565673,llm_experiments_data/arrays/extended_ag_news_2_pure_logits_greedy_50_temp_pool_then_calibrate_2025-09-21.npz,0.9638973636691187,1.355263157894737,0.993235022019244,0.9810271499520543,0.01897285004794569
ag_news,2,pure_logits,greedy_5_temp_pool_then_calibrate,5,5,0.1630717068910598,1.126530612244898,,,0.2685348987579345,0.030585765838623,llm_experiments_data/arrays/extended_ag_news_2_pure_logits_greedy_5_temp_pool_then_calibrate_2025-09-21.npz,0.9734204999598582,1.3764473684210525,0.9925444702574343,0.9801857395735019,0.019814260426498143
ag_news,2,pure_logits,greedy_50_temp_calibrate_then_pool,50,20,0.1502095013856887,1.800979591836735,,,0.2685348987579345,1.4229536056518557,llm_experiments_data/arrays/extended_ag_news_2_pure_logits_greedy_50_temp_calibrate_then_pool_2025-09-21.npz,0.9280930013497567,1.256842105263158,0.994554191293704,0.9827879808181583,0.017212019181841676
ag_news,2,pure_logits,greedy_5_temp_calibrate_then_pool,5,5,0.1635835319757461,1.6995918367346945,,,0.2685348987579345,0.149071455001831,llm_experiments_data/arrays/extended_ag_news_2_pure_logits_greedy_5_temp_calibrate_then_pool_2025-09-21.npz,0.9280930013497567,1.32,0.9933718352679821,0.9811664398654006,0.01883356013459936
ag_news,2,pure_logits,greedy_5_post_calib,5,5,0.146973505616188,1.4937276134943775,0.193252811328613,1.0,0.2685348987579345,11.678959131240845,llm_experiments_data/arrays/extended_ag_news_2_pure_logits_greedy_5_post_calib_2025-09-21.npz,0.9610249264065008,1.236842105263158,0.9941918072051787,0.9824785925991811,0.017521407400818867
ag_news,2,pure_logits,greedy_50_post_calib,50,20,0.1406689137220382,1.53076218242399,0.5597667638483965,1.0,0.2685348987579345,90.49988317489624,llm_experiments_data/arrays/extended_ag_news_2_pure_logits_greedy_50_post_calib_2025-09-21.npz,0.9610249264065008,1.2273684210526317,0.9948381073009226,0.9832562483404189,0.016743751659581085
ag_news,3,pure_logits,greedy_5_baseline,5,5,0.1616485267877578,,,,0.2751636505126953,0.0,llm_experiments_data/arrays/extended_ag_news_3_pure_logits_greedy_5_baseline_2025-09-21.npz,0.9818738040176085,1.3398684210526315,0.9932011861783083,0.9817143896960207,0.01828561030397935
ag_news,3,pure_logits,greedy_50_baseline,50,20,0.14743173122406,,,,0.2751636505126953,0.0,llm_experiments_data/arrays/extended_ag_news_3_pure_logits_greedy_50_baseline_2025-09-21.npz,0.9771939142407526,1.2942105263157895,0.9939809275610455,0.9825424083689139,0.017457591631086067
ag_news,3,pure_logits,greedy_50_temp_pool_then_calibrate,50,20,0.1449004858732223,1.126530612244898,,,0.2751636505126953,0.0292410850524902,llm_experiments_data/arrays/extended_ag_news_3_pure_logits_greedy_50_temp_pool_then_calibrate_2025-09-21.npz,0.9665581041966967,1.3169736842105264,0.9939759028032253,0.9825136580220858,0.01748634197791421
ag_news,3,pure_logits,greedy_5_temp_pool_then_calibrate,5,5,0.1590738743543625,1.126530612244898,,,0.2751636505126953,0.025388479232788,llm_experiments_data/arrays/extended_ag_news_3_pure_logits_greedy_5_temp_pool_then_calibrate_2025-09-21.npz,0.9713057528362042,1.3417105263157896,0.9932024646567453,0.9817127820588301,0.018287217941169942
ag_news,3,pure_logits,greedy_50_temp_calibrate_then_pool,50,20,0.1476627737283706,1.806489795918368,,,0.2751636505126953,1.355682373046875,llm_experiments_data/arrays/extended_ag_news_3_pure_logits_greedy_50_temp_calibrate_then_pool_2025-09-21.npz,0.9223718584262055,1.2261842105263159,0.9951910015751676,0.9842378023517078,0.01576219764829223
ag_news,3,pure_logits,greedy_5_temp_calibrate_then_pool,5,5,0.1600429117679596,1.6995918367346945,,,0.2751636505126953,0.1303799152374267,llm_experiments_data/arrays/extended_ag_news_3_pure_logits_greedy_5_temp_calibrate_then_pool_2025-09-21.npz,0.9223718584262055,1.2926315789473684,0.9940472493828458,0.9827566805714454,0.017243319428554615
ag_news,3,pure_logits,greedy_5_post_calib,5,5,0.143793374300003,1.4937276134943775,0.1949187838400666,1.0,0.2751636505126953,11.757327318191528,llm_experiments_data/arrays/extended_ag_news_3_pure_logits_greedy_5_post_calib_2025-09-21.npz,0.9610249264065008,1.2305263157894737,0.9948654146882937,0.9837931790386442,0.01620682096135584
ag_news,3,pure_logits,greedy_50_post_calib,50,20,0.1382708400487899,1.53076218242399,0.5397750937109538,1.0,0.2751636505126953,90.27358293533324,llm_experiments_data/arrays/extended_ag_news_3_pure_logits_greedy_50_post_calib_2025-09-21.npz,0.9579239491627013,1.1931578947368422,0.9953660847106858,0.9844703134355587,0.015529686564441314
ag_news,4,pure_logits,greedy_5_baseline,5,5,0.1665987223386764,,,,0.2679998874664306,0.0,llm_experiments_data/arrays/extended_ag_news_4_pure_logits_greedy_5_baseline_2025-09-21.npz,0.9844471273184587,1.3685526315789474,0.9925840776152586,0.9801782306755751,0.01982176932442492
ag_news,4,pure_logits,greedy_50_baseline,50,22,0.1534280180931091,,,,0.2679998874664306,0.0,llm_experiments_data/arrays/extended_ag_news_4_pure_logits_greedy_50_baseline_2025-09-21.npz,0.9753793916128501,1.3227631578947368,0.9930873556739914,0.9805463208278444,0.01945367917215557
ag_news,4,pure_logits,greedy_50_temp_pool_then_calibrate,50,22,0.1517852842807769,1.0714285714285714,,,0.2679998874664306,0.0329227447509765,llm_experiments_data/arrays/extended_ag_news_4_pure_logits_greedy_50_temp_pool_then_calibrate_2025-09-21.npz,0.9690227498992263,1.335657894736842,0.9930870505200109,0.9805328708646714,0.019467129135328554
ag_news,4,pure_logits,greedy_5_temp_pool_then_calibrate,5,5,0.1636596620082855,1.126530612244898,,,0.2679998874664306,0.0330662727355957,llm_experiments_data/arrays/extended_ag_news_4_pure_logits_greedy_5_temp_pool_then_calibrate_2025-09-21.npz,0.9771939142407526,1.387763157894737,0.9925891338279978,0.9801430712155661,0.019856928784433903
ag_news,4,pure_logits,greedy_50_temp_calibrate_then_pool,50,22,0.1529782116413116,1.8108979591836736,,,0.2679998874664306,1.3832731246948242,llm_experiments_data/arrays/extended_ag_news_4_pure_logits_greedy_50_temp_calibrate_then_pool_2025-09-21.npz,0.9223718584262055,1.2367105263157894,0.9947218332818251,0.9830862029528116,0.016913797047188428
ag_news,4,pure_logits,greedy_5_temp_calibrate_then_pool,5,5,0.1631851941347122,1.6995918367346945,,,0.2679998874664306,0.154637336730957,llm_experiments_data/arrays/extended_ag_news_4_pure_logits_greedy_5_temp_calibrate_then_pool_2025-09-21.npz,0.9280930013497567,1.3144736842105262,0.9935652064856061,0.9814338400674472,0.01856615993255284
ag_news,4,pure_logits,greedy_5_post_calib,5,5,0.1487895101308822,1.5060724698042485,0.0,1.0,0.2679998874664306,11.479276180267334,llm_experiments_data/arrays/extended_ag_news_4_pure_logits_greedy_5_post_calib_2025-09-21.npz,0.9638973636691187,1.2419736842105262,0.9944728600568333,0.9829427809395893,0.01705721906041069
ag_news,4,pure_logits,greedy_50_post_calib,50,22,0.1433628350496292,1.535360266555602,0.4897959183673469,1.0,0.2679998874664306,85.71303176879883,llm_experiments_data/arrays/extended_ag_news_4_pure_logits_greedy_50_post_calib_2025-09-21.npz,0.9610249264065008,1.2046052631578947,0.9950210347902192,0.9836475632500409,0.01635243674995912
dbpedia_14,0,pure_logits,greedy_5_baseline,5,5,0.0383507758378982,,,,0.4475667476654053,0.0,llm_experiments_data/arrays/extended_dbpedia_14_0_pure_logits_greedy_5_baseline_2025-09-21.npz,0.0,1.0,0.9998400037362637,0.9895237730949462,0.010476226905053787
dbpedia_14,0,pure_logits,greedy_50_baseline,50,13,0.035843975841999,,,,0.4475667476654053,0.0,llm_experiments_data/arrays/extended_dbpedia_14_0_pure_logits_greedy_50_baseline_2025-09-21.npz,0.0,1.0,0.9998205921978022,0.9894508004358524,0.010549199564147571
dbpedia_14,0,pure_logits,greedy_50_temp_pool_then_calibrate,50,13,0.0336079373955726,1.236734693877551,,,0.4475667476654053,0.108508825302124,llm_experiments_data/arrays/extended_dbpedia_14_0_pure_logits_greedy_50_temp_pool_then_calibrate_2025-09-21.npz,0.0,1.0,0.9998208836263737,0.9894573126985718,0.010542687301428155
dbpedia_14,0,pure_logits,greedy_5_temp_pool_then_calibrate,5,5,0.0351141579449176,1.3469387755102042,,,0.4475667476654053,0.1131384372711181,llm_experiments_data/arrays/extended_dbpedia_14_0_pure_logits_greedy_5_temp_pool_then_calibrate_2025-09-21.npz,0.0,1.0,0.9998402715384616,0.9895306089539169,0.010469391046083132
dbpedia_14,0,pure_logits,greedy_50_temp_calibrate_then_pool,50,13,0.0311629008501768,1.8175102040816329,,,0.4475667476654053,5.498956203460693,llm_experiments_data/arrays/extended_dbpedia_14_0_pure_logits_greedy_50_temp_calibrate_then_pool_2025-09-21.npz,0.0,1.0,0.999872143956044,0.9896322466769877,0.010367753323012319
dbpedia_14,0,pure_logits,greedy_5_temp_calibrate_then_pool,5,5,0.032640591263771,1.7767346938775517,,,0.4475667476654053,0.6481001377105713,llm_experiments_data/arrays/extended_dbpedia_14_0_pure_logits_greedy_5_temp_calibrate_then_pool_2025-09-21.npz,0.0,1.0,0.9998651978021977,0.989610544625958,0.010389455374042011
dbpedia_14,0,pure_logits,greedy_5_post_calib,5,5,0.0297356657683849,1.7658642232403166,0.4464806330695543,1.0,0.4475667476654053,116.83691239356996,llm_experiments_data/arrays/extended_dbpedia_14_0_pure_logits_greedy_5_post_calib_2025-09-21.npz,0.0,1.0,0.9998838864835166,0.9896907991122853,0.010309200887714698
dbpedia_14,0,pure_logits,greedy_50_post_calib,50,13,0.0296356659382581,1.7255810079133695,0.6597251145356102,1.0,0.4475667476654053,973.4738047122956,llm_experiments_data/arrays/extended_dbpedia_14_0_pure_logits_greedy_50_post_calib_2025-09-21.npz,0.0,1.0,0.9998851298901098,0.9896906442252839,0.010309355774716145
dbpedia_14,1,pure_logits,greedy_5_baseline,5,5,0.0368919149041175,,,,0.4507975578308105,0.0,llm_experiments_data/arrays/extended_dbpedia_14_1_pure_logits_greedy_5_baseline_2025-09-21.npz,0.0,1.0,0.999833632965128,0.9895868130620071,0.010413186937992869
dbpedia_14,1,pure_logits,greedy_50_baseline,50,13,0.0343787893652915,,,,0.4507975578308105,0.0,llm_experiments_data/arrays/extended_dbpedia_14_1_pure_logits_greedy_50_baseline_2025-09-21.npz,0.0,1.0,0.9998196603320348,0.9895390144585683,0.010460985541431711
dbpedia_14,1,pure_logits,greedy_50_temp_pool_then_calibrate,50,13,0.032565776258707,1.2918367346938775,,,0.4507975578308105,0.136777639389038,llm_experiments_data/arrays/extended_dbpedia_14_1_pure_logits_greedy_50_temp_pool_then_calibrate_2025-09-21.npz,0.0,1.0,0.9998196574496588,0.9895429836330316,0.010457016366968386
dbpedia_14,1,pure_logits,greedy_5_temp_pool_then_calibrate,5,5,0.0340606160461902,1.3469387755102042,,,0.4507975578308105,0.0982167720794677,llm_experiments_data/arrays/extended_dbpedia_14_1_pure_logits_greedy_5_temp_pool_then_calibrate_2025-09-21.npz,0.0,1.0,0.9998334020914041,0.9895893751263307,0.010410624873669283
dbpedia_14,1,pure_logits,greedy_50_temp_calibrate_then_pool,50,13,0.0303662456572055,1.8406530612244896,,,0.4507975578308105,5.187453508377075,llm_experiments_data/arrays/extended_dbpedia_14_1_pure_logits_greedy_50_temp_calibrate_then_pool_2025-09-21.npz,0.0,1.0,0.9998659132628137,0.9896773190033195,0.010322680996680544
dbpedia_14,1,pure_logits,greedy_5_temp_calibrate_then_pool,5,5,0.03186946362257,1.798775510204082,,,0.4507975578308105,0.4950902462005615,llm_experiments_data/arrays/extended_dbpedia_14_1_pure_logits_greedy_5_temp_calibrate_then_pool_2025-09-21.npz,0.0,1.0,0.9998569164111555,0.9896619765580374,0.010338023441962552
dbpedia_14,1,pure_logits,greedy_5_post_calib,5,5,0.0286065954715013,1.7658642232403166,0.4831320283215327,1.0,0.4507975578308105,114.9076316356659,llm_experiments_data/arrays/extended_dbpedia_14_1_pure_logits_greedy_5_post_calib_2025-09-21.npz,0.0,1.0,0.999875011077574,0.989731086878968,0.010268913121031953
dbpedia_14,1,pure_logits,greedy_50_post_calib,50,13,0.0284453090280294,1.7397251145356103,0.679716784673053,1.0,0.4507975578308105,966.5875015258788,llm_experiments_data/arrays/extended_dbpedia_14_1_pure_logits_greedy_50_post_calib_2025-09-21.npz,0.0,1.0,0.9998759350063898,0.9897238233007484,0.010276176699251627
dbpedia_14,2,pure_logits,greedy_5_baseline,5,5,0.0376938953995704,,,,0.3881657123565674,0.0,llm_experiments_data/arrays/extended_dbpedia_14_2_pure_logits_greedy_5_baseline_2025-09-21.npz,0.0,1.0,0.999814485318098,0.9894563651097368,0.01054363489026322
dbpedia_14,2,pure_logits,greedy_50_baseline,50,12,0.0345689058303833,,,,0.3881657123565674,0.0,llm_experiments_data/arrays/extended_dbpedia_14_2_pure_logits_greedy_50_baseline_2025-09-21.npz,0.0,1.0,0.9998258045267006,0.9894988271184324,0.0105011728815676
dbpedia_14,2,pure_logits,greedy_50_temp_pool_then_calibrate,50,12,0.0329904593527317,1.236734693877551,,,0.3881657123565674,0.1039659976959228,llm_experiments_data/arrays/extended_dbpedia_14_2_pure_logits_greedy_50_temp_pool_then_calibrate_2025-09-21.npz,0.0,1.0,0.9998259436540522,0.989502654179919,0.010497345820080994
dbpedia_14,2,pure_logits,greedy_5_temp_pool_then_calibrate,5,5,0.0360968150198459,1.236734693877551,,,0.3881657123565674,0.0995514392852783,llm_experiments_data/arrays/extended_dbpedia_14_2_pure_logits_greedy_5_temp_pool_then_calibrate_2025-09-21.npz,0.0,1.0,0.9998144472529411,0.9894611766784189,0.01053882332158107
dbpedia_14,2,pure_logits,greedy_50_temp_calibrate_then_pool,50,12,0.0308985523879528,1.8208163265306123,,,0.3881657123565674,5.11882758140564,llm_experiments_data/arrays/extended_dbpedia_14_2_pure_logits_greedy_50_temp_calibrate_then_pool_2025-09-21.npz,0.0,1.0,0.9998638182106732,0.9896231436833319,0.01037685631666807
dbpedia_14,2,pure_logits,greedy_5_temp_calibrate_then_pool,5,5,0.0334385707974433,1.7657142857142858,,,0.3881657123565674,0.4939689636230469,llm_experiments_data/arrays/extended_dbpedia_14_2_pure_logits_greedy_5_temp_calibrate_then_pool_2025-09-21.npz,0.0,1.0,0.9998444052963504,0.9895695189995589,0.010430481000441083
dbpedia_14,2,pure_logits,greedy_5_post_calib,5,5,0.0290217790752649,1.7397251145356103,0.4298209079550187,1.0,0.3881657123565674,88.97237300872803,llm_experiments_data/arrays/extended_dbpedia_14_2_pure_logits_greedy_5_post_calib_2025-09-21.npz,0.0,1.0,0.9998665961813432,0.9896360411351366,0.01036395886486341
dbpedia_14,2,pure_logits,greedy_50_post_calib,50,12,0.0288405288010835,1.7397251145356103,0.614743856726364,1.0,0.3881657123565674,847.3519816398621,llm_experiments_data/arrays/extended_dbpedia_14_2_pure_logits_greedy_50_post_calib_2025-09-21.npz,0.0,1.0,0.9998754104710245,0.9896628570161294,0.010337142983870562
dbpedia_14,3,pure_logits,greedy_5_baseline,5,5,0.0372864827513694,,,,0.4358282089233398,0.0,llm_experiments_data/arrays/extended_dbpedia_14_3_pure_logits_greedy_5_baseline_2025-09-21.npz,0.0,1.0,0.999826661621954,0.9895201071566534,0.010479892843346605
dbpedia_14,3,pure_logits,greedy_50_baseline,50,14,0.034858051687479,,,,0.4358282089233398,0.0,llm_experiments_data/arrays/extended_dbpedia_14_3_pure_logits_greedy_50_baseline_2025-09-21.npz,0.0,1.0,0.9998083855701996,0.9894601705240299,0.010539829475970097
dbpedia_14,3,pure_logits,greedy_50_temp_pool_then_calibrate,50,14,0.0331726670265197,1.236734693877551,,,0.4358282089233398,0.10567307472229,llm_experiments_data/arrays/extended_dbpedia_14_3_pure_logits_greedy_50_temp_pool_then_calibrate_2025-09-21.npz,0.0,1.0,0.9998085766728424,0.9894674495753197,0.010532550424680265
dbpedia_14,3,pure_logits,greedy_5_temp_pool_then_calibrate,5,5,0.0342318154871463,1.3469387755102042,,,0.4358282089233398,0.1035640239715576,llm_experiments_data/arrays/extended_dbpedia_14_3_pure_logits_greedy_5_temp_pool_then_calibrate_2025-09-21.npz,0.0,1.0,0.9998263917651639,0.9895267056411862,0.010473294358813834
dbpedia_14,3,pure_logits,greedy_50_temp_calibrate_then_pool,50,14,0.0306824389845132,1.8318367346938775,,,0.4358282089233398,5.251388072967529,llm_experiments_data/arrays/extended_dbpedia_14_3_pure_logits_greedy_50_temp_calibrate_then_pool_2025-09-21.npz,0.0,1.0,0.9998604600088173,0.9896133176076949,0.010386682392305113
dbpedia_14,3,pure_logits,greedy_5_temp_calibrate_then_pool,5,5,0.0316813886165618,1.787755102040817,,,0.4358282089233398,0.502375602722168,llm_experiments_data/arrays/extended_dbpedia_14_3_pure_logits_greedy_5_temp_calibrate_then_pool_2025-09-21.npz,0.0,1.0,0.9998536868162665,0.9896030275160493,0.010396972483950662
dbpedia_14,3,pure_logits,greedy_5_post_calib,5,5,0.0285224188119173,1.7658642232403166,0.4731361932528113,1.0,0.4358282089233398,97.38587164878844,llm_experiments_data/arrays/extended_dbpedia_14_3_pure_logits_greedy_5_post_calib_2025-09-21.npz,0.0,1.0,0.9998712132319295,0.9896556625154471,0.010344337484552879
dbpedia_14,3,pure_logits,greedy_50_post_calib,50,14,0.0284258443862199,1.7397251145356103,0.6247396917950854,1.0,0.4358282089233398,824.6250166893005,llm_experiments_data/arrays/extended_dbpedia_14_3_pure_logits_greedy_50_post_calib_2025-09-21.npz,0.0,1.0,0.999872855203846,0.9896588132010239,0.01034118679897611
dbpedia_14,4,pure_logits,greedy_5_baseline,5,5,0.037765584886074,,,,0.4105088710784912,0.0,llm_experiments_data/arrays/extended_dbpedia_14_4_pure_logits_greedy_5_baseline_2025-09-21.npz,0.0,1.0,0.9998413138534913,0.9895519960893278,0.010448003910672243
dbpedia_14,4,pure_logits,greedy_50_baseline,50,12,0.0349580943584442,,,,0.4105088710784912,0.0,llm_experiments_data/arrays/extended_dbpedia_14_4_pure_logits_greedy_50_baseline_2025-09-21.npz,0.0,1.0,0.9998246295737572,0.9894862837732896,0.010513716226710379
dbpedia_14,4,pure_logits,greedy_50_temp_pool_then_calibrate,50,12,0.0333295986056327,1.236734693877551,,,0.4105088710784912,0.0989015102386474,llm_experiments_data/arrays/extended_dbpedia_14_4_pure_logits_greedy_50_temp_pool_then_calibrate_2025-09-21.npz,0.0,1.0,0.9998246374632018,0.9894906647332037,0.010509335266796316
dbpedia_14,4,pure_logits,greedy_5_temp_pool_then_calibrate,5,5,0.034713264554739,1.3469387755102042,,,0.4105088710784912,0.0929572582244873,llm_experiments_data/arrays/extended_dbpedia_14_4_pure_logits_greedy_5_temp_pool_then_calibrate_2025-09-21.npz,0.0,1.0,0.9998411495270023,0.9895576397985644,0.01044236020143563
dbpedia_14,4,pure_logits,greedy_50_temp_calibrate_then_pool,50,12,0.0309626497328281,1.8252244897959184,,,0.4105088710784912,4.894532918930054,llm_experiments_data/arrays/extended_dbpedia_14_4_pure_logits_greedy_50_temp_calibrate_then_pool_2025-09-21.npz,0.0,1.0,0.9998719881078414,0.9896536890886424,0.010346310911357626
dbpedia_14,4,pure_logits,greedy_5_temp_calibrate_then_pool,5,5,0.0322737731039524,1.787755102040817,,,0.4105088710784912,0.4730486869812011,llm_experiments_data/arrays/extended_dbpedia_14_4_pure_logits_greedy_5_temp_calibrate_then_pool_2025-09-21.npz,0.0,1.0,0.9998664358214892,0.9896462724711541,0.01035372752884589
dbpedia_14,4,pure_logits,greedy_5_post_calib,5,5,0.0290355682373046,1.7658642232403166,0.4731361932528113,1.0,0.4105088710784912,88.33891987800598,llm_experiments_data/arrays/extended_dbpedia_14_4_pure_logits_greedy_5_post_calib_2025-09-21.npz,0.0,1.0,0.9998823733240867,0.9897017295979568,0.01029827040204323
dbpedia_14,4,pure_logits,greedy_50_post_calib,50,12,0.0288055930286645,1.7397251145356103,0.6247396917950854,1.0,0.4105088710784912,846.4119672775269,llm_experiments_data/arrays/extended_dbpedia_14_4_pure_logits_greedy_50_post_calib_2025-09-21.npz,0.0,1.0,0.9998831058966395,0.989699852413944,0.010300147586056019
stanfordnlp/sst2,0,pure_logits,greedy_5_baseline,5,5,0.1389027386903762,,,,0.1548774242401123,0.0,llm_experiments_data/arrays/extended_stanfordnlp_sst2_0_pure_logits_greedy_5_baseline_2025-09-21.npz,0.9942510800363944,1.1575723830734967,0.9905559135297227,0.9839294797988846,0.016070520201115435
stanfordnlp/sst2,0,pure_logits,greedy_50_baseline,50,22,0.1167359352111816,,,,0.1548774242401123,0.0,llm_experiments_data/arrays/extended_stanfordnlp_sst2_0_pure_logits_greedy_50_baseline_2025-09-21.npz,0.9638973636691187,1.1730697847067557,0.9895215290235136,0.9833012745455704,0.01669872545442963
stanfordnlp/sst2,0,pure_logits,greedy_50_temp_pool_then_calibrate,50,22,0.1156567931175232,1.0714285714285714,,,0.1548774242401123,0.0171384811401367,llm_experiments_data/arrays/extended_stanfordnlp_sst2_0_pure_logits_greedy_50_temp_pool_then_calibrate_2025-09-21.npz,0.954576248590888,1.168708240534521,0.9895215290235138,0.9833012745455704,0.01669872545442963
stanfordnlp/sst2,0,pure_logits,greedy_5_temp_pool_then_calibrate,5,5,0.1211620271205902,1.5122448979591838,,,0.1548774242401123,0.0131633281707763,llm_experiments_data/arrays/extended_stanfordnlp_sst2_0_pure_logits_greedy_5_temp_pool_then_calibrate_2025-09-21.npz,0.9690227498992263,1.161284335560505,0.9905561405254282,0.9839294797988846,0.016070520201115435
stanfordnlp/sst2,0,pure_logits,greedy_50_temp_calibrate_then_pool,50,22,0.1221464574337005,2.253918367346939,,,0.1548774242401123,0.653064489364624,llm_experiments_data/arrays/extended_stanfordnlp_sst2_0_pure_logits_greedy_50_temp_calibrate_then_pool_2025-09-21.npz,0.9161955236998243,1.1485708982925018,0.9915440083732778,0.9848024027786483,0.015197597221351722
stanfordnlp/sst2,0,pure_logits,greedy_5_temp_calibrate_then_pool,5,5,0.1231949105858802,2.206530612244898,,,0.1548774242401123,0.0643806457519531,llm_experiments_data/arrays/extended_stanfordnlp_sst2_0_pure_logits_greedy_5_temp_calibrate_then_pool_2025-09-21.npz,0.9223718584262055,1.1450445434298442,0.9908135711163402,0.9840699816648948,0.01593001833510521
stanfordnlp/sst2,0,pure_logits,greedy_5_post_calib,5,5,0.1164740771055221,1.7658642232403166,0.4231570179092045,1.0,0.1548774242401123,5.213715553283691,llm_experiments_data/arrays/extended_stanfordnlp_sst2_0_pure_logits_greedy_5_post_calib_2025-09-21.npz,0.9638973636691187,1.1499628804751298,0.9909725903384411,0.9840782550713237,0.015921744928676262
stanfordnlp/sst2,0,pure_logits,greedy_50_post_calib,50,22,0.1118283942341804,1.602582257392753,0.6847147022074136,1.0,0.1548774242401123,29.688292503356934,llm_experiments_data/arrays/extended_stanfordnlp_sst2_0_pure_logits_greedy_50_post_calib_2025-09-21.npz,0.9610249264065008,1.143652561247216,0.9914942439302135,0.9847369219704202,0.015263078029579824
stanfordnlp/sst2,1,pure_logits,greedy_5_baseline,5,5,0.1381601095199585,,,,0.1445052623748779,0.0,llm_experiments_data/arrays/extended_stanfordnlp_sst2_1_pure_logits_greedy_5_baseline_2025-09-21.npz,0.9937936782064581,1.149127691165553,0.9911070068943337,0.9839764183406249,0.01602358165937512
stanfordnlp/sst2,1,pure_logits,greedy_50_baseline,50,21,0.1142597123980522,,,,0.1445052623748779,0.0,llm_experiments_data/arrays/extended_stanfordnlp_sst2_1_pure_logits_greedy_50_baseline_2025-09-21.npz,0.9610249264065008,1.1663882702301411,0.9898008338833225,0.9836365550092347,0.016363444990765252
stanfordnlp/sst2,1,pure_logits,greedy_50_temp_pool_then_calibrate,50,21,0.1135249063372612,1.0714285714285714,,,0.1445052623748779,0.0153615474700927,llm_experiments_data/arrays/extended_stanfordnlp_sst2_1_pure_logits_greedy_50_temp_pool_then_calibrate_2025-09-21.npz,0.954576248590888,1.1815144766146994,0.9898008338833226,0.9836365550092347,0.016363444990765252
stanfordnlp/sst2,1,pure_logits,greedy_5_temp_pool_then_calibrate,5,5,0.1184177100658416,1.5673469387755103,,,0.1445052623748779,0.0124812126159667,llm_experiments_data/arrays/extended_stanfordnlp_sst2_1_pure_logits_greedy_5_temp_pool_then_calibrate_2025-09-21.npz,0.9610249264065008,1.1450445434298442,0.9911070940236504,0.9839764183406249,0.01602358165937512
stanfordnlp/sst2,1,pure_logits,greedy_50_temp_calibrate_then_pool,50,21,0.1216744780540466,2.345387755102041,,,0.1445052623748779,0.6643416881561279,llm_experiments_data/arrays/extended_stanfordnlp_sst2_1_pure_logits_greedy_50_temp_calibrate_then_pool_2025-09-21.npz,0.9095277807047543,1.1430029695619897,0.9919697613873051,0.9851932885203015,0.014806711479698476
stanfordnlp/sst2,1,pure_logits,greedy_5_temp_calibrate_then_pool,5,5,0.120799072086811,2.184489795918368,,,0.1445052623748779,0.0642871856689453,llm_experiments_data/arrays/extended_stanfordnlp_sst2_1_pure_logits_greedy_5_temp_calibrate_then_pool_2025-09-21.npz,0.9280930013497567,1.141332590942836,0.9914654046252352,0.9842466531367703,0.01575334686322971
stanfordnlp/sst2,1,pure_logits,greedy_5_post_calib,5,5,0.1162552163004875,1.7397251145356103,0.614743856726364,1.0,0.1445052623748779,5.07654333114624,llm_experiments_data/arrays/extended_stanfordnlp_sst2_1_pure_logits_greedy_5_post_calib_2025-09-21.npz,0.9638973636691187,1.1454157386785448,0.9913882603283178,0.9840195550856742,0.01598044491432582
stanfordnlp/sst2,1,pure_logits,greedy_50_post_calib,50,21,0.1096661612391471,1.6433152852977928,0.6847147022074136,1.0,0.1445052623748779,28.45751953125,llm_experiments_data/arrays/extended_stanfordnlp_sst2_1_pure_logits_greedy_50_post_calib_2025-09-21.npz,0.9579239491627013,1.1424461766889384,0.9918023685442535,0.9850943668677491,0.014905633132250906
stanfordnlp/sst2,2,pure_logits,greedy_5_baseline,5,5,0.1326637417078018,,,,0.1602272987365722,0.0,llm_experiments_data/arrays/extended_stanfordnlp_sst2_2_pure_logits_greedy_5_baseline_2025-09-21.npz,0.9915700228248736,1.142817371937639,0.9912968536059377,0.9844635608502464,0.015536439149753556
stanfordnlp/sst2,2,pure_logits,greedy_50_baseline,50,22,0.1110883653163909,,,,0.1602272987365722,0.0,llm_experiments_data/arrays/extended_stanfordnlp_sst2_2_pure_logits_greedy_50_baseline_2025-09-21.npz,0.9579239491627013,1.1594283593170007,0.9902701126112455,0.9835828435310595,0.016417156468940486
stanfordnlp/sst2,2,pure_logits,greedy_50_temp_pool_then_calibrate,50,22,0.1107177287340164,1.0714285714285714,,,0.1602272987365722,0.0164589881896972,llm_experiments_data/arrays/extended_stanfordnlp_sst2_2_pure_logits_greedy_50_temp_pool_then_calibrate_2025-09-21.npz,0.947060595353925,1.15673719376392,0.9902701300118659,0.9835828435310595,0.016417156468940486
stanfordnlp/sst2,2,pure_logits,greedy_5_temp_pool_then_calibrate,5,5,0.1171764582395553,1.5673469387755103,,,0.1602272987365722,0.0130496025085449,llm_experiments_data/arrays/extended_stanfordnlp_sst2_2_pure_logits_greedy_5_temp_pool_then_calibrate_2025-09-21.npz,0.954576248590888,1.1430029695619897,0.991296975410279,0.9844635608502464,0.015536439149753556
stanfordnlp/sst2,2,pure_logits,greedy_50_temp_calibrate_then_pool,50,22,0.1203061118721962,2.310122448979592,,,0.1602272987365722,0.6422748565673828,llm_experiments_data/arrays/extended_stanfordnlp_sst2_2_pure_logits_greedy_50_temp_calibrate_then_pool_2025-09-21.npz,0.9023295314812454,1.141332590942836,0.992013532949536,0.9849775845313891,0.015022415468610939
stanfordnlp/sst2,2,pure_logits,greedy_5_temp_calibrate_then_pool,5,5,0.11992659419775,2.2175510204081634,,,0.1602272987365722,0.0659413337707519,llm_experiments_data/arrays/extended_stanfordnlp_sst2_2_pure_logits_greedy_5_temp_calibrate_then_pool_2025-09-21.npz,0.9161955236998243,1.1398478099480327,0.9916222974052752,0.9846548500957322,0.01534514990426783
stanfordnlp/sst2,2,pure_logits,greedy_5_post_calib,5,5,0.1121334433555603,1.7680133277800918,0.5747605164514785,1.0,0.1602272987365722,5.075603485107422,llm_experiments_data/arrays/extended_stanfordnlp_sst2_2_pure_logits_greedy_5_post_calib_2025-09-21.npz,0.954576248590888,1.1335374907201188,0.9916709147380749,0.9846270207573451,0.015372979242654905
stanfordnlp/sst2,2,pure_logits,greedy_50_post_calib,50,22,0.1065568625926971,1.6296209912536446,0.6847147022074136,1.0,0.1602272987365722,28.6994149684906,llm_experiments_data/arrays/extended_stanfordnlp_sst2_2_pure_logits_greedy_50_post_calib_2025-09-21.npz,0.9509621946209896,1.1385486265775797,0.9918944953068439,0.9849424786338278,0.015057521366172222
stanfordnlp/sst2,3,pure_logits,greedy_5_baseline,5,5,0.1423054337501526,,,,0.1469361782073974,0.0,llm_experiments_data/arrays/extended_stanfordnlp_sst2_3_pure_logits_greedy_5_baseline_2025-09-21.npz,0.9927668021552672,1.1719561989606533,0.9894154561949106,0.9830830781613056,0.01691692183869442
stanfordnlp/sst2,3,pure_logits,greedy_50_baseline,50,22,0.1187988147139549,,,,0.1469361782073974,0.0,llm_experiments_data/arrays/extended_stanfordnlp_sst2_3_pure_logits_greedy_50_baseline_2025-09-21.npz,0.9665581041966967,1.1760393466963623,0.9886360818674756,0.9823355748941435,0.01766442510585653
stanfordnlp/sst2,3,pure_logits,greedy_50_temp_pool_then_calibrate,50,22,0.1175118908286094,1.0714285714285714,,,0.1469361782073974,0.0128805637359619,llm_experiments_data/arrays/extended_stanfordnlp_sst2_3_pure_logits_greedy_50_temp_pool_then_calibrate_2025-09-21.npz,0.9579239491627013,1.1733481811432813,0.9886360470421075,0.9823355748941435,0.01766442510585653
stanfordnlp/sst2,3,pure_logits,greedy_5_temp_pool_then_calibrate,5,5,0.1285979598760604,1.4020408163265308,,,0.1469361782073974,0.0162997245788574,llm_experiments_data/arrays/extended_stanfordnlp_sst2_3_pure_logits_greedy_5_temp_pool_then_calibrate_2025-09-21.npz,0.9713057528362042,1.1726985894580548,0.9894155780836995,0.9830830781613056,0.01691692183869442
stanfordnlp/sst2,3,pure_logits,greedy_50_temp_calibrate_then_pool,50,22,0.1225347593426704,2.298,,,0.1469361782073974,0.6418697834014893,llm_experiments_data/arrays/extended_stanfordnlp_sst2_3_pure_logits_greedy_50_temp_calibrate_then_pool_2025-09-21.npz,0.9161955236998243,1.1422605790645879,0.9908481196042442,0.9841652339389024,0.01583476606109757
stanfordnlp/sst2,3,pure_logits,greedy_5_temp_calibrate_then_pool,5,5,0.1299853026866912,2.283673469387755,,,0.1469361782073974,0.0642690658569336,llm_experiments_data/arrays/extended_stanfordnlp_sst2_3_pure_logits_greedy_5_temp_calibrate_then_pool_2025-09-21.npz,0.9223718584262055,1.1755753526354862,0.9897149891867232,0.9832483955226837,0.016751604477316273
stanfordnlp/sst2,3,pure_logits,greedy_5_post_calib,5,5,0.1177627444267273,1.753869221157851,0.2182423990004165,1.0,0.1469361782073974,4.812470436096191,llm_experiments_data/arrays/extended_stanfordnlp_sst2_3_pure_logits_greedy_5_post_calib_2025-09-21.npz,0.9665581041966967,1.1660170749814402,0.9901410079158062,0.9835232739092706,0.016476726090729366
stanfordnlp/sst2,3,pure_logits,greedy_50_post_calib,50,22,0.1129917949438095,1.5924864639733447,0.7197001249479384,1.0,0.1469361782073974,28.900770902633667,llm_experiments_data/arrays/extended_stanfordnlp_sst2_3_pure_logits_greedy_50_post_calib_2025-09-21.npz,0.9638973636691187,1.1476429101707497,0.9906754902541208,0.9840329395402448,0.015967060459755156
stanfordnlp/sst2,4,pure_logits,greedy_5_baseline,5,5,0.1273978799581527,,,,0.159520149230957,0.0,llm_experiments_data/arrays/extended_stanfordnlp_sst2_4_pure_logits_greedy_5_baseline_2025-09-21.npz,0.9866551233980249,1.1506124721603563,0.9913611818620089,0.9845636923861694,0.015436307613830635
stanfordnlp/sst2,4,pure_logits,greedy_50_baseline,50,22,0.1077410876750946,,,,0.159520149230957,0.0,llm_experiments_data/arrays/extended_stanfordnlp_sst2_4_pure_logits_greedy_50_baseline_2025-09-21.npz,0.9383014287164605,1.133723088344469,0.9906172582339648,0.983763507019895,0.01623649298010499
stanfordnlp/sst2,4,pure_logits,greedy_50_temp_pool_then_calibrate,50,22,0.1073685437440872,0.9612244897959183,,,0.159520149230957,0.0146222114562988,llm_experiments_data/arrays/extended_stanfordnlp_sst2_4_pure_logits_greedy_50_temp_pool_then_calibrate_2025-09-21.npz,0.9428485727976632,1.1302895322939865,0.9906172582339646,0.983763507019895,0.01623649298010499
stanfordnlp/sst2,4,pure_logits,greedy_5_temp_pool_then_calibrate,5,5,0.1185961365699768,1.5122448979591838,,,0.159520149230957,0.013319969177246,llm_experiments_data/arrays/extended_stanfordnlp_sst2_4_pure_logits_greedy_5_temp_pool_then_calibrate_2025-09-21.npz,0.947060595353925,1.1529324424647365,0.9913611818620087,0.9845636923861694,0.015436307613830635
stanfordnlp/sst2,4,pure_logits,greedy_50_temp_calibrate_then_pool,50,22,0.1235140487551689,2.349795918367348,,,0.159520149230957,0.6253781318664551,llm_experiments_data/arrays/extended_stanfordnlp_sst2_4_pure_logits_greedy_50_temp_calibrate_then_pool_2025-09-21.npz,0.8861693212364476,1.1216592427616927,0.9927853533101666,0.9855154590249677,0.014484540975032267
stanfordnlp/sst2,4,pure_logits,greedy_5_temp_calibrate_then_pool,5,5,0.123748131096363,2.3057142857142856,,,0.159520149230957,0.0687570571899414,llm_experiments_data/arrays/extended_stanfordnlp_sst2_4_pure_logits_greedy_5_temp_calibrate_then_pool_2025-09-21.npz,0.9023295314812454,1.153674832962138,0.9917248445725082,0.9848321492046453,0.015167850795354654
stanfordnlp/sst2,4,pure_logits,greedy_5_post_calib,5,5,0.1091101840138435,1.8202915451895043,0.2399000416493127,1.0,0.159520149230957,4.750351667404175,llm_experiments_data/arrays/extended_stanfordnlp_sst2_4_pure_logits_greedy_5_post_calib_2025-09-21.npz,0.947060595353925,1.134558277654046,0.9919977483565512,0.9848403653370191,0.01515963466298087
stanfordnlp/sst2,4,pure_logits,greedy_50_post_calib,50,22,0.1040479019284248,1.6707038733860893,0.6047480216576426,1.0,0.159520149230957,28.253798246383667,llm_experiments_data/arrays/extended_stanfordnlp_sst2_4_pure_logits_greedy_50_post_calib_2025-09-21.npz,0.947060595353925,1.1201744617668894,0.99280834348152,0.9854987995444224,0.014501200455577568
SetFit/mnli,0,pure_logits,greedy_5_baseline,5,5,0.5412836670875549,,,,0.1304459571838379,0.0,llm_experiments_data/arrays/extended_setfit_mnli_0_pure_logits_greedy_5_baseline_2025-09-21.npz,0.9713057528362042,2.687170754221508,0.9158036980412647,0.8925237821475448,0.1074762178524552
SetFit/mnli,0,pure_logits,greedy_50_baseline,50,14,0.529163122177124,,,,0.1304459571838379,0.0,llm_experiments_data/arrays/extended_setfit_mnli_0_pure_logits_greedy_50_baseline_2025-09-21.npz,0.954576248590888,2.6329158244871325,0.923604013161298,0.9027768233798251,0.09722317662017488
SetFit/mnli,0,pure_logits,greedy_50_temp_pool_then_calibrate,50,14,0.529087245464325,1.0163265306122449,,,0.1304459571838379,0.0648581981658935,llm_experiments_data/arrays/extended_setfit_mnli_0_pure_logits_greedy_50_temp_pool_then_calibrate_2025-09-21.npz,0.954576248590888,2.707733197523594,0.9236010292388747,0.9027804325764782,0.09721956742352178
SetFit/mnli,0,pure_logits,greedy_5_temp_pool_then_calibrate,5,5,0.5398650169372559,1.0714285714285714,,,0.1304459571838379,0.0575332641601562,llm_experiments_data/arrays/extended_setfit_mnli_0_pure_logits_greedy_5_temp_pool_then_calibrate_2025-09-21.npz,0.9638973636691187,2.6738019830343926,0.9157528228032685,0.8925390842192591,0.1074609157807409
SetFit/mnli,0,pure_logits,greedy_50_temp_calibrate_then_pool,50,14,0.5431124567985535,2.349795918367347,,,0.1304459571838379,3.0961155891418457,llm_experiments_data/arrays/extended_setfit_mnli_0_pure_logits_greedy_50_temp_calibrate_then_pool_2025-09-21.npz,0.8945585673151014,2.423614979389811,0.9366044543166625,0.9219058915275024,0.07809410847249765
SetFit/mnli,0,pure_logits,greedy_5_temp_calibrate_then_pool,5,5,0.5403395295143127,2.316734693877551,,,0.1304459571838379,0.3087377548217773,llm_experiments_data/arrays/extended_setfit_mnli_0_pure_logits_greedy_5_temp_calibrate_then_pool_2025-09-21.npz,0.9023295314812454,2.429471774386071,0.9343196571670483,0.919334957845495,0.08066504215450498
SetFit/mnli,0,pure_logits,greedy_5_post_calib,5,5,0.4951700270175934,1.9610329029571012,0.0,1.0,0.1304459571838379,27.537804126739506,llm_experiments_data/arrays/extended_setfit_mnli_0_pure_logits_greedy_5_post_calib_2025-09-21.npz,0.9428485727976632,2.2250887272611526,0.9381446396077893,0.9243481586015169,0.07565184139848313
SetFit/mnli,0,pure_logits,greedy_50_post_calib,50,14,0.495775818824768,1.983573511037068,0.0,1.0,0.1304459571838379,235.1353220939636,llm_experiments_data/arrays/extended_setfit_mnli_0_pure_logits_greedy_50_post_calib_2025-09-21.npz,0.9428485727976632,2.226330113157099,0.9374585757867341,0.923921990076169,0.07607800992383096
SetFit/mnli,1,pure_logits,greedy_5_baseline,5,5,0.5487261414527893,,,,0.1307191848754882,0.0,llm_experiments_data/arrays/extended_setfit_mnli_1_pure_logits_greedy_5_baseline_2025-09-21.npz,0.9753793916128501,2.637085607881209,0.9137877860598692,0.890511951517957,0.10948804848204297
SetFit/mnli,1,pure_logits,greedy_50_baseline,50,14,0.5308570861816406,,,,0.1307191848754882,0.0,llm_experiments_data/arrays/extended_setfit_mnli_1_pure_logits_greedy_50_baseline_2025-09-21.npz,0.954576248590888,2.631642608183598,0.9233817487025325,0.9028329641583835,0.09716703584161646
SetFit/mnli,1,pure_logits,greedy_50_temp_pool_then_calibrate,50,14,0.5307557582855225,1.0163265306122449,,,0.1307191848754882,0.0702207088470459,llm_experiments_data/arrays/extended_setfit_mnli_1_pure_logits_greedy_50_temp_pool_then_calibrate_2025-09-21.npz,0.9509621946209896,2.5764486814253655,0.9233814030845838,0.9028319596963096,0.09716804030369042
SetFit/mnli,1,pure_logits,greedy_5_temp_pool_then_calibrate,5,5,0.5441266894340515,1.126530612244898,,,0.1307191848754882,0.0628564357757568,llm_experiments_data/arrays/extended_setfit_mnli_1_pure_logits_greedy_5_temp_pool_then_calibrate_2025-09-21.npz,0.9638973636691187,2.6308150175863,0.9137466426777799,0.8905912630167196,0.10940873698328035
SetFit/mnli,1,pure_logits,greedy_50_temp_calibrate_then_pool,50,14,0.5437343120574951,2.3464897959183677,,,0.1307191848754882,3.074023485183716,llm_experiments_data/arrays/extended_setfit_mnli_1_pure_logits_greedy_50_temp_calibrate_then_pool_2025-09-21.npz,0.8861693212364476,2.324208616491334,0.9365578739849979,0.9220358154629,0.07796418453709997
SetFit/mnli,1,pure_logits,greedy_5_temp_calibrate_then_pool,5,5,0.5391783714294434,2.393877551020408,,,0.1307191848754882,0.2920851707458496,llm_experiments_data/arrays/extended_setfit_mnli_1_pure_logits_greedy_5_temp_calibrate_then_pool_2025-09-21.npz,0.9023295314812454,2.400490188276861,0.9335020516332765,0.9181420516744194,0.08185794832558058
SetFit/mnli,1,pure_logits,greedy_5_post_calib,5,5,0.4965198338031769,1.976976259891712,0.0,1.0,0.1307191848754882,24.786596536636356,llm_experiments_data/arrays/extended_setfit_mnli_1_pure_logits_greedy_5_post_calib_2025-09-21.npz,0.9428485727976632,2.2234335460665573,0.9375721834772762,0.9238178287606175,0.07618217123938253
SetFit/mnli,1,pure_logits,greedy_50_post_calib,50,14,0.4966378509998321,1.983573511037068,0.0,1.0,0.1307191848754882,233.18539690971372,llm_experiments_data/arrays/extended_setfit_mnli_1_pure_logits_greedy_50_post_calib_2025-09-21.npz,0.9428485727976632,2.222462718635112,0.937351610959975,0.9240609545367018,0.07593904546329822
SetFit/mnli,2,pure_logits,greedy_5_baseline,5,5,0.5439597964286804,,,,0.1180140972137451,0.0,llm_experiments_data/arrays/extended_setfit_mnli_2_pure_logits_greedy_5_baseline_2025-09-21.npz,0.9713057528362042,2.6879505992074226,0.9149456566746599,0.8919796102739482,0.10802038972605177
SetFit/mnli,2,pure_logits,greedy_50_baseline,50,14,0.5307487845420837,,,,0.1180140972137451,0.0,llm_experiments_data/arrays/extended_setfit_mnli_2_pure_logits_greedy_50_baseline_2025-09-21.npz,0.9579239491627013,2.6866296372925054,0.9225520020047249,0.9019667720818988,0.0980332279181012
SetFit/mnli,2,pure_logits,greedy_50_temp_pool_then_calibrate,50,14,0.5305970907211304,1.0163265306122449,,,0.1180140972137451,0.0615522861480712,llm_experiments_data/arrays/extended_setfit_mnli_2_pure_logits_greedy_50_temp_pool_then_calibrate_2025-09-21.npz,0.954576248590888,2.6392659908010123,0.9225479137052742,0.9019676231268294,0.09803237687317057
SetFit/mnli,2,pure_logits,greedy_5_temp_pool_then_calibrate,5,5,0.5423628687858582,1.0714285714285714,,,0.1180140972137451,0.0648639202117919,llm_experiments_data/arrays/extended_setfit_mnli_2_pure_logits_greedy_5_temp_pool_then_calibrate_2025-09-21.npz,0.9638973636691187,2.674406760778572,0.9148956616770126,0.8919948195556032,0.10800518044439678
SetFit/mnli,2,pure_logits,greedy_50_temp_calibrate_then_pool,50,14,0.5429646968841553,2.356408163265306,,,0.1180140972137451,3.0734405517578125,llm_experiments_data/arrays/extended_setfit_mnli_2_pure_logits_greedy_50_temp_calibrate_then_pool_2025-09-21.npz,0.8945585673151014,2.409466363216781,0.9359560148112743,0.9213935608669257,0.0786064391330743
SetFit/mnli,2,pure_logits,greedy_5_temp_calibrate_then_pool,5,5,0.5414088368415833,2.316734693877551,,,0.1180140972137451,0.3020453453063965,llm_experiments_data/arrays/extended_setfit_mnli_2_pure_logits_greedy_5_temp_calibrate_then_pool_2025-09-21.npz,0.9023295314812454,2.431954546177964,0.9336904151919082,0.9190293401616442,0.08097065983835583
SetFit/mnli,2,pure_logits,greedy_5_post_calib,5,5,0.4959542453289032,1.9610329029571012,0.0,1.0,0.1180140972137451,27.996172189712524,llm_experiments_data/arrays/extended_setfit_mnli_2_pure_logits_greedy_5_post_calib_2025-09-21.npz,0.9428485727976632,2.229163019432464,0.9379254176981199,0.9245884288536765,0.07541157114632346
SetFit/mnli,2,pure_logits,greedy_50_post_calib,50,14,0.4965460002422333,1.983573511037068,0.0,1.0,0.1180140972137451,239.3680899143219,llm_experiments_data/arrays/extended_setfit_mnli_2_pure_logits_greedy_50_post_calib_2025-09-21.npz,0.9428485727976632,2.2207916222367228,0.9372320116896441,0.9239106454764772,0.07608935452352283
SetFit/mnli,3,pure_logits,greedy_5_baseline,5,5,0.5503612756729126,,,,0.1375746726989746,0.0,llm_experiments_data/arrays/extended_setfit_mnli_3_pure_logits_greedy_5_baseline_2025-09-21.npz,0.9753793916128501,2.6360192892269985,0.9133830264438932,0.890359323913898,0.10964067608610195
SetFit/mnli,3,pure_logits,greedy_50_baseline,50,15,0.5341354012489319,,,,0.1375746726989746,0.0,llm_experiments_data/arrays/extended_setfit_mnli_3_pure_logits_greedy_50_baseline_2025-09-21.npz,0.954576248590888,2.632438368373307,0.9222024920181351,0.9012440704255437,0.09875592957445634
SetFit/mnli,3,pure_logits,greedy_50_temp_pool_then_calibrate,50,15,0.5340104699134827,1.0163265306122449,,,0.1375746726989746,0.0671720504760742,llm_experiments_data/arrays/extended_setfit_mnli_3_pure_logits_greedy_50_temp_pool_then_calibrate_2025-09-21.npz,0.954576248590888,2.7061098467365876,0.9222039615164602,0.9012488307134915,0.09875116928650851
SetFit/mnli,3,pure_logits,greedy_5_temp_pool_then_calibrate,5,5,0.5454707145690918,1.126530612244898,,,0.1375746726989746,0.057563304901123,llm_experiments_data/arrays/extended_setfit_mnli_3_pure_logits_greedy_5_temp_pool_then_calibrate_2025-09-21.npz,0.9638973636691187,2.630210239842121,0.9133457663493457,0.8904421778279488,0.10955782217205123
SetFit/mnli,3,pure_logits,greedy_50_temp_calibrate_then_pool,50,15,0.5470389723777771,2.357510204081633,,,0.1375746726989746,3.104201555252075,llm_experiments_data/arrays/extended_setfit_mnli_3_pure_logits_greedy_50_temp_calibrate_then_pool_2025-09-21.npz,0.8945585673151014,2.4286282685849794,0.9352221961713454,0.9204076228447551,0.07959237715524492
SetFit/mnli,3,pure_logits,greedy_5_temp_calibrate_then_pool,5,5,0.5405319333076477,2.393877551020408,,,0.1375746726989746,0.2884397506713867,llm_experiments_data/arrays/extended_setfit_mnli_3_pure_logits_greedy_5_temp_calibrate_then_pool_2025-09-21.npz,0.9023295314812454,2.3982779749494694,0.9330264724239644,0.917448164819113,0.08255183518088705
SetFit/mnli,3,pure_logits,greedy_5_post_calib,5,5,0.4989266693592071,1.976976259891712,0.0,1.0,0.1375746726989746,28.02094030380249,llm_experiments_data/arrays/extended_setfit_mnli_3_pure_logits_greedy_5_post_calib_2025-09-21.npz,0.9428485727976632,2.222558209857877,0.9369094896910397,0.9228246861794168,0.07717531382058318
SetFit/mnli,3,pure_logits,greedy_50_post_calib,50,15,0.5007779598236084,1.976976259891712,0.0,1.0,0.1375746726989746,244.94086694717407,llm_experiments_data/arrays/extended_setfit_mnli_3_pure_logits_greedy_50_post_calib_2025-09-21.npz,0.947060595353925,2.273932487705505,0.9359771048621207,0.9223172387421702,0.0776827612578298
SetFit/mnli,4,pure_logits,greedy_5_baseline,5,5,0.5483366250991821,,,,0.1490106582641601,0.0,llm_experiments_data/arrays/extended_setfit_mnli_4_pure_logits_greedy_5_baseline_2025-09-21.npz,0.9771939142407526,2.6728470708067418,0.9141451563567032,0.8918764495758835,0.10812355042411648
SetFit/mnli,4,pure_logits,greedy_50_baseline,50,13,0.5302943587303162,,,,0.1490106582641601,0.0,llm_experiments_data/arrays/extended_setfit_mnli_4_pure_logits_greedy_50_baseline_2025-09-21.npz,0.9579239491627013,2.6757754683048716,0.9229646419856016,0.9024991504083735,0.09750084959162653
SetFit/mnli,4,pure_logits,greedy_50_temp_pool_then_calibrate,50,13,0.5301140546798706,1.0163265306122449,,,0.1490106582641601,0.0705132484436035,llm_experiments_data/arrays/extended_setfit_mnli_4_pure_logits_greedy_50_temp_pool_then_calibrate_2025-09-21.npz,0.954576248590888,2.6272340967326087,0.9229596095178269,0.902501142867414,0.09749885713258599
SetFit/mnli,4,pure_logits,greedy_5_temp_pool_then_calibrate,5,5,0.5436326265335083,1.126530612244898,,,0.1490106582641601,0.0639393329620361,llm_experiments_data/arrays/extended_setfit_mnli_4_pure_logits_greedy_5_temp_pool_then_calibrate_2025-09-21.npz,0.9665581041966967,2.6741998631292474,0.9140981998306096,0.891959335589421,0.10804066441057902
SetFit/mnli,4,pure_logits,greedy_50_temp_calibrate_then_pool,50,13,0.5424057245254517,2.3508979591836736,,,0.1490106582641601,3.1502959728240967,llm_experiments_data/arrays/extended_setfit_mnli_4_pure_logits_greedy_50_temp_calibrate_then_pool_2025-09-21.npz,0.8945585673151014,2.406728948164181,0.9362733569660099,0.9218110824505711,0.07818891754942892
SetFit/mnli,4,pure_logits,greedy_5_temp_calibrate_then_pool,5,5,0.5386306643486023,2.393877551020408,,,0.1490106582641601,0.3010458946228027,llm_experiments_data/arrays/extended_setfit_mnli_4_pure_logits_greedy_5_temp_calibrate_then_pool_2025-09-21.npz,0.9023295314812454,2.398341635764646,0.9337551971874324,0.9190008644552917,0.08099913554470828
SetFit/mnli,4,pure_logits,greedy_5_post_calib,5,5,0.4959589540958404,1.976976259891712,0.0,1.0,0.1490106582641601,27.94494891166687,llm_experiments_data/arrays/extended_setfit_mnli_4_pure_logits_greedy_5_post_calib_2025-09-21.npz,0.947060595353925,2.283704422835134,0.9378322547464985,0.9242642362351018,0.07573576376489821
SetFit/mnli,4,pure_logits,greedy_50_post_calib,50,13,0.4961307346820831,1.976976259891712,0.0,1.0,0.1490106582641601,239.64979434013367,llm_experiments_data/arrays/extended_setfit_mnli_4_pure_logits_greedy_50_post_calib_2025-09-21.npz,0.9428485727976632,2.2236722741234702,0.937538783795114,0.9242548367077104,0.07574516329228964
