dataset,split_idx,method,ensemble_type,ensemble_size,ensemble_unique_size,nll_test,c1,c2,epi_scalar,ensemble_time,calibration_time,path
MNIST,0,pure_logits,greedy_5_baseline,5,4,0.030591931194067,,,,1.1776514053344727,0.0,cnn_experiments_data/arrays/mnist_0_pure_logits_greedy_5_baseline_2025-11-30.npz
MNIST,0,pure_logits,greedy_5_temp_pool_then_calibrate,5,4,0.02913384512066841,0.8510204081632653,,,1.1776514053344727,0.02788853645324707,cnn_experiments_data/arrays/mnist_0_pure_logits_greedy_5_temp_pool_then_calibrate_2025-11-30.npz
MNIST,0,pure_logits,greedy_5_temp_calibrate_then_pool,5,4,0.029766995459794998,0.8475468554768846,1.0,1,1.1776514053344727,5.291286945343018,cnn_experiments_data/arrays/mnist_0_pure_logits_greedy_5_temp_calibrate_then_pool_2025-11-30.npz
MNIST,0,pure_logits,greedy_5_post_calib,5,4,0.027879154309630394,1.0121782590587256,0.33652644731361936,1,1.1776514053344727,8.663672685623169,cnn_experiments_data/arrays/mnist_0_pure_logits_greedy_5_post_calib_2025-11-30.npz
MNIST,1,pure_logits,greedy_5_baseline,5,4,0.03459794074296951,,,,0.05090451240539551,0.0,cnn_experiments_data/arrays/mnist_1_pure_logits_greedy_5_baseline_2025-11-30.npz
MNIST,1,pure_logits,greedy_5_temp_pool_then_calibrate,5,4,0.03411119803786278,0.7959183673469388,,,0.05090451240539551,0.025179147720336914,cnn_experiments_data/arrays/mnist_1_pure_logits_greedy_5_temp_pool_then_calibrate_2025-11-30.npz
MNIST,1,pure_logits,greedy_5_temp_calibrate_then_pool,5,4,0.03450692072510719,0.812161599333611,1.0,1,0.05090451240539551,4.254662752151489,cnn_experiments_data/arrays/mnist_1_pure_logits_greedy_5_temp_calibrate_then_pool_2025-11-30.npz
MNIST,1,pure_logits,greedy_5_post_calib,5,4,0.03231865167617798,1.0121782590587256,0.0,1,0.05090451240539551,16.337769985198975,cnn_experiments_data/arrays/mnist_1_pure_logits_greedy_5_post_calib_2025-11-30.npz
MNIST,2,pure_logits,greedy_5_baseline,5,3,0.03693424165248871,,,,0.016642332077026367,0.0,cnn_experiments_data/arrays/mnist_2_pure_logits_greedy_5_baseline_2025-11-30.npz
MNIST,2,pure_logits,greedy_5_temp_pool_then_calibrate,5,3,0.03638128191232681,0.8510204081632653,,,0.016642332077026367,0.026816368103027344,cnn_experiments_data/arrays/mnist_2_pure_logits_greedy_5_temp_pool_then_calibrate_2025-11-30.npz
MNIST,2,pure_logits,greedy_5_temp_calibrate_then_pool,5,3,0.03683927655220032,0.8614410662224073,1.0,1,0.016642332077026367,4.712498664855957,cnn_experiments_data/arrays/mnist_2_pure_logits_greedy_5_temp_calibrate_then_pool_2025-11-30.npz
MNIST,2,pure_logits,greedy_5_post_calib,5,3,0.03416886180639267,1.0038817159516868,0.4231570179092045,1,0.016642332077026367,20.12933897972107,cnn_experiments_data/arrays/mnist_2_pure_logits_greedy_5_post_calib_2025-11-30.npz
MNIST,3,pure_logits,greedy_5_baseline,5,4,0.030522780492901802,,,,0.016926288604736328,0.0,cnn_experiments_data/arrays/mnist_3_pure_logits_greedy_5_baseline_2025-11-30.npz
MNIST,3,pure_logits,greedy_5_temp_pool_then_calibrate,5,4,0.028809014707803726,0.7959183673469388,,,0.016926288604736328,0.02638387680053711,cnn_experiments_data/arrays/mnist_3_pure_logits_greedy_5_temp_pool_then_calibrate_2025-11-30.npz
MNIST,3,pure_logits,greedy_5_temp_calibrate_then_pool,5,4,0.029768599197268486,0.7680299875052061,1.0,1,0.016926288604736328,10.08353853225708,cnn_experiments_data/arrays/mnist_3_pure_logits_greedy_5_temp_calibrate_then_pool_2025-11-30.npz
MNIST,3,pure_logits,greedy_5_post_calib,5,4,0.02763710543513298,0.9320116618075802,0.5947521865889213,1,0.016926288604736328,8.821837902069092,cnn_experiments_data/arrays/mnist_3_pure_logits_greedy_5_post_calib_2025-11-30.npz
MNIST,4,pure_logits,greedy_5_baseline,5,4,0.03133532404899597,,,,0.017264842987060547,0.0,cnn_experiments_data/arrays/mnist_4_pure_logits_greedy_5_baseline_2025-11-30.npz
MNIST,4,pure_logits,greedy_5_temp_pool_then_calibrate,5,4,0.03034362569451332,0.7959183673469388,,,0.017264842987060547,0.0266115665435791,cnn_experiments_data/arrays/mnist_4_pure_logits_greedy_5_temp_pool_then_calibrate_2025-11-30.npz
MNIST,4,pure_logits,greedy_5_temp_calibrate_then_pool,5,4,0.030984703451395035,0.7991670137442732,1.0,1,0.017264842987060547,4.369139671325684,cnn_experiments_data/arrays/mnist_4_pure_logits_greedy_5_temp_calibrate_then_pool_2025-11-30.npz
MNIST,4,pure_logits,greedy_5_post_calib,5,4,0.02947954833507538,0.9573011245314453,0.5747605164514785,1,0.017264842987060547,13.50652527809143,cnn_experiments_data/arrays/mnist_4_pure_logits_greedy_5_post_calib_2025-11-30.npz
MNIST,5,pure_logits,greedy_5_baseline,5,4,0.03468244895339012,,,,0.11170053482055664,0.0,cnn_experiments_data/arrays/mnist_5_pure_logits_greedy_5_baseline_2025-11-30.npz
MNIST,5,pure_logits,greedy_5_temp_pool_then_calibrate,5,4,0.034230269491672516,0.7408163265306122,,,0.11170053482055664,0.026652097702026367,cnn_experiments_data/arrays/mnist_5_pure_logits_greedy_5_temp_pool_then_calibrate_2025-11-30.npz
MNIST,5,pure_logits,greedy_5_temp_calibrate_then_pool,5,4,0.03465551510453224,0.7926697209496043,1.0,1,0.11170053482055664,4.575105428695679,cnn_experiments_data/arrays/mnist_5_pure_logits_greedy_5_temp_calibrate_then_pool_2025-11-30.npz
MNIST,5,pure_logits,greedy_5_post_calib,5,4,0.031936537474393845,1.0038817159516868,0.0,1,0.11170053482055664,9.71542239189148,cnn_experiments_data/arrays/mnist_5_pure_logits_greedy_5_post_calib_2025-11-30.npz
MNIST,6,pure_logits,greedy_5_baseline,5,4,0.03098614700138569,,,,0.015386104583740234,0.0,cnn_experiments_data/arrays/mnist_6_pure_logits_greedy_5_baseline_2025-11-30.npz
MNIST,6,pure_logits,greedy_5_temp_pool_then_calibrate,5,4,0.02970348671078682,0.8510204081632653,,,0.015386104583740234,0.024461746215820312,cnn_experiments_data/arrays/mnist_6_pure_logits_greedy_5_temp_pool_then_calibrate_2025-11-30.npz
MNIST,6,pure_logits,greedy_5_temp_calibrate_then_pool,5,4,0.030324837192893028,0.8405997501041232,1.0,1,0.015386104583740234,9.107582807540894,cnn_experiments_data/arrays/mnist_6_pure_logits_greedy_5_temp_calibrate_then_pool_2025-11-30.npz
MNIST,6,pure_logits,greedy_5_post_calib,5,4,0.028601370751857758,0.9651478550603916,0.5747605164514785,1,0.015386104583740234,8.987476110458374,cnn_experiments_data/arrays/mnist_6_pure_logits_greedy_5_post_calib_2025-11-30.npz
MNIST,7,pure_logits,greedy_5_baseline,5,4,0.03422519937157631,,,,0.36765050888061523,0.0,cnn_experiments_data/arrays/mnist_7_pure_logits_greedy_5_baseline_2025-11-30.npz
MNIST,7,pure_logits,greedy_5_temp_pool_then_calibrate,5,4,0.03370414301753044,0.7408163265306122,,,0.36765050888061523,0.02635955810546875,cnn_experiments_data/arrays/mnist_7_pure_logits_greedy_5_temp_pool_then_calibrate_2025-11-30.npz
MNIST,7,pure_logits,greedy_5_temp_calibrate_then_pool,5,4,0.03441838547587395,0.7666805497709288,1.0,1,0.36765050888061523,5.308121919631958,cnn_experiments_data/arrays/mnist_7_pure_logits_greedy_5_temp_calibrate_then_pool_2025-11-30.npz
MNIST,7,pure_logits,greedy_5_post_calib,5,4,0.031570762395858765,0.9808413161182841,0.3898375676801333,1,0.36765050888061523,9.774395227432251,cnn_experiments_data/arrays/mnist_7_pure_logits_greedy_5_post_calib_2025-11-30.npz
MNIST,8,pure_logits,greedy_5_baseline,5,4,0.031018411740660667,,,,0.016644001007080078,0.0,cnn_experiments_data/arrays/mnist_8_pure_logits_greedy_5_baseline_2025-11-30.npz
MNIST,8,pure_logits,greedy_5_temp_pool_then_calibrate,5,4,0.030387992039322853,0.9061224489795918,,,0.016644001007080078,0.027750253677368164,cnn_experiments_data/arrays/mnist_8_pure_logits_greedy_5_temp_pool_then_calibrate_2025-11-30.npz
MNIST,8,pure_logits,greedy_5_temp_calibrate_then_pool,5,4,0.030923523008823395,0.9729945855893378,1.0,1,0.016644001007080078,4.243011713027954,cnn_experiments_data/arrays/mnist_8_pure_logits_greedy_5_temp_calibrate_then_pool_2025-11-30.npz
MNIST,8,pure_logits,greedy_5_post_calib,5,4,0.02859828621149063,1.149521032902957,0.34985422740524785,1,0.016644001007080078,17.031908750534058,cnn_experiments_data/arrays/mnist_8_pure_logits_greedy_5_post_calib_2025-11-30.npz
MNIST,9,pure_logits,greedy_5_baseline,5,4,0.039008911699056625,,,,0.10133028030395508,0.0,cnn_experiments_data/arrays/mnist_9_pure_logits_greedy_5_baseline_2025-11-30.npz
MNIST,9,pure_logits,greedy_5_temp_pool_then_calibrate,5,4,0.038764357566833496,0.9061224489795918,,,0.10133028030395508,0.02761220932006836,cnn_experiments_data/arrays/mnist_9_pure_logits_greedy_5_temp_pool_then_calibrate_2025-11-30.npz
MNIST,9,pure_logits,greedy_5_temp_calibrate_then_pool,5,4,0.03899329528212547,0.9729945855893378,1.0,1,0.10133028030395508,13.315594911575317,cnn_experiments_data/arrays/mnist_9_pure_logits_greedy_5_temp_calibrate_then_pool_2025-11-30.npz
MNIST,9,pure_logits,greedy_5_post_calib,5,4,0.0368947759270668,1.119533527696793,0.534777176176593,1,0.10133028030395508,12.027264595031738,cnn_experiments_data/arrays/mnist_9_pure_logits_greedy_5_post_calib_2025-11-30.npz
FMNIST,0,pure_logits,greedy_5_baseline,5,3,0.24319332838058472,,,,0.5238363742828369,0.0,cnn_experiments_data/arrays/fmnist_0_pure_logits_greedy_5_baseline_2025-11-30.npz
FMNIST,0,pure_logits,greedy_5_temp_pool_then_calibrate,5,3,0.2427458018064499,0.9612244897959183,,,0.5238363742828369,0.026726484298706055,cnn_experiments_data/arrays/fmnist_0_pure_logits_greedy_5_temp_pool_then_calibrate_2025-11-30.npz
FMNIST,0,pure_logits,greedy_5_temp_calibrate_then_pool,5,3,0.2428547739982605,0.9651478550603916,1.0,1,0.5238363742828369,5.3670125007629395,cnn_experiments_data/arrays/fmnist_0_pure_logits_greedy_5_temp_calibrate_then_pool_2025-11-30.npz
FMNIST,0,pure_logits,greedy_5_post_calib,5,3,0.2419111281633377,1.0121782590587256,0.0,1,0.5238363742828369,10.389752626419067,cnn_experiments_data/arrays/fmnist_0_pure_logits_greedy_5_post_calib_2025-11-30.npz
FMNIST,1,pure_logits,greedy_5_baseline,5,4,0.24198752641677856,,,,0.015899181365966797,0.0,cnn_experiments_data/arrays/fmnist_1_pure_logits_greedy_5_baseline_2025-11-30.npz
FMNIST,1,pure_logits,greedy_5_temp_pool_then_calibrate,5,4,0.24083544313907623,0.9061224489795918,,,0.015899181365966797,0.02461075782775879,cnn_experiments_data/arrays/fmnist_1_pure_logits_greedy_5_temp_pool_then_calibrate_2025-11-30.npz
FMNIST,1,pure_logits,greedy_5_temp_calibrate_then_pool,5,4,0.24122728407382965,0.9320116618075802,1.0,1,0.015899181365966797,5.221172332763672,cnn_experiments_data/arrays/fmnist_1_pure_logits_greedy_5_temp_calibrate_then_pool_2025-11-30.npz
FMNIST,1,pure_logits,greedy_5_post_calib,5,4,0.23886826634407043,1.0204748021657641,0.0,1,0.015899181365966797,10.954270839691162,cnn_experiments_data/arrays/fmnist_1_pure_logits_greedy_5_post_calib_2025-11-30.npz
FMNIST,2,pure_logits,greedy_5_baseline,5,4,0.23831544816493988,,,,0.01683497428894043,0.0,cnn_experiments_data/arrays/fmnist_2_pure_logits_greedy_5_baseline_2025-11-30.npz
FMNIST,2,pure_logits,greedy_5_temp_pool_then_calibrate,5,4,0.2365209460258484,0.9061224489795918,,,0.01683497428894043,0.026438474655151367,cnn_experiments_data/arrays/fmnist_2_pure_logits_greedy_5_temp_pool_then_calibrate_2025-11-30.npz
FMNIST,2,pure_logits,greedy_5_temp_calibrate_then_pool,5,4,0.23694787919521332,0.8950270720533111,1.0,1,0.01683497428894043,6.008971452713013,cnn_experiments_data/arrays/fmnist_2_pure_logits_greedy_5_temp_calibrate_then_pool_2025-11-30.npz
FMNIST,2,pure_logits,greedy_5_post_calib,5,4,0.2353442758321762,0.9651478550603916,0.3731778425655977,1,0.01683497428894043,10.143801212310791,cnn_experiments_data/arrays/fmnist_2_pure_logits_greedy_5_post_calib_2025-11-30.npz
FMNIST,3,pure_logits,greedy_5_baseline,5,3,0.23061802983283997,,,,0.017086505889892578,0.0,cnn_experiments_data/arrays/fmnist_3_pure_logits_greedy_5_baseline_2025-11-30.npz
FMNIST,3,pure_logits,greedy_5_temp_pool_then_calibrate,5,3,0.22723856568336487,0.9061224489795918,,,0.017086505889892578,0.02597832679748535,cnn_experiments_data/arrays/fmnist_3_pure_logits_greedy_5_temp_pool_then_calibrate_2025-11-30.npz
FMNIST,3,pure_logits,greedy_5_temp_calibrate_then_pool,5,3,0.22746916115283966,0.8802332361516034,1.0,1,0.017086505889892578,9.512478590011597,cnn_experiments_data/arrays/fmnist_3_pure_logits_greedy_5_temp_calibrate_then_pool_2025-11-30.npz
FMNIST,3,pure_logits,greedy_5_post_calib,5,3,0.22569026052951813,0.949454394002499,0.24489795918367346,1,0.017086505889892578,11.563169240951538,cnn_experiments_data/arrays/fmnist_3_pure_logits_greedy_5_post_calib_2025-11-30.npz
FMNIST,4,pure_logits,greedy_5_baseline,5,3,0.24084153771400452,,,,0.014544010162353516,0.0,cnn_experiments_data/arrays/fmnist_4_pure_logits_greedy_5_baseline_2025-11-30.npz
FMNIST,4,pure_logits,greedy_5_temp_pool_then_calibrate,5,3,0.23791399598121643,0.8510204081632653,,,0.014544010162353516,0.023300647735595703,cnn_experiments_data/arrays/fmnist_4_pure_logits_greedy_5_temp_pool_then_calibrate_2025-11-30.npz
FMNIST,4,pure_logits,greedy_5_temp_calibrate_then_pool,5,3,0.23853468894958496,0.8336526447313619,1.0,1,0.014544010162353516,5.5378618240356445,cnn_experiments_data/arrays/fmnist_4_pure_logits_greedy_5_temp_calibrate_then_pool_2025-11-30.npz
FMNIST,4,pure_logits,greedy_5_post_calib,5,3,0.2363937348127365,0.902423990004165,0.0,1,0.014544010162353516,14.748522996902466,cnn_experiments_data/arrays/fmnist_4_pure_logits_greedy_5_post_calib_2025-11-30.npz
FMNIST,5,pure_logits,greedy_5_baseline,5,4,0.23298706114292145,,,,0.02730107307434082,0.0,cnn_experiments_data/arrays/fmnist_5_pure_logits_greedy_5_baseline_2025-11-30.npz
FMNIST,5,pure_logits,greedy_5_temp_pool_then_calibrate,5,4,0.22860203683376312,0.8510204081632653,,,0.02730107307434082,0.027492523193359375,cnn_experiments_data/arrays/fmnist_5_pure_logits_greedy_5_temp_pool_then_calibrate_2025-11-30.npz
FMNIST,5,pure_logits,greedy_5_temp_calibrate_then_pool,5,4,0.2295720875263214,0.87533527696793,1.0,1,0.02730107307434082,5.446417331695557,cnn_experiments_data/arrays/fmnist_5_pure_logits_greedy_5_temp_calibrate_then_pool_2025-11-30.npz
FMNIST,5,pure_logits,greedy_5_post_calib,5,4,0.22789987921714783,0.9573011245314453,0.3765097875885048,1,0.02730107307434082,12.04090929031372,cnn_experiments_data/arrays/fmnist_5_pure_logits_greedy_5_post_calib_2025-11-30.npz
FMNIST,6,pure_logits,greedy_5_baseline,5,5,0.23943407833576202,,,,0.017197370529174805,0.0,cnn_experiments_data/arrays/fmnist_6_pure_logits_greedy_5_baseline_2025-11-30.npz
FMNIST,6,pure_logits,greedy_5_temp_pool_then_calibrate,5,5,0.23463410139083862,0.8510204081632653,,,0.017197370529174805,0.02833390235900879,cnn_experiments_data/arrays/fmnist_6_pure_logits_greedy_5_temp_pool_then_calibrate_2025-11-30.npz
FMNIST,6,pure_logits,greedy_5_temp_calibrate_then_pool,5,5,0.23585595190525055,0.8614410662224073,1.0,1,0.017197370529174805,5.106978178024292,cnn_experiments_data/arrays/fmnist_6_pure_logits_greedy_5_temp_calibrate_then_pool_2025-11-30.npz
FMNIST,6,pure_logits,greedy_5_post_calib,5,5,0.23285351693630219,0.9729945855893378,0.17492711370262393,1,0.017197370529174805,12.064634561538696,cnn_experiments_data/arrays/fmnist_6_pure_logits_greedy_5_post_calib_2025-11-30.npz
FMNIST,7,pure_logits,greedy_5_baseline,5,4,0.23102860152721405,,,,0.017906904220581055,0.0,cnn_experiments_data/arrays/fmnist_7_pure_logits_greedy_5_baseline_2025-11-30.npz
FMNIST,7,pure_logits,greedy_5_temp_pool_then_calibrate,5,4,0.2291351556777954,0.9061224489795918,,,0.017906904220581055,0.029250383377075195,cnn_experiments_data/arrays/fmnist_7_pure_logits_greedy_5_temp_pool_then_calibrate_2025-11-30.npz
FMNIST,7,pure_logits,greedy_5_temp_calibrate_then_pool,5,4,0.229452982544899,0.8950270720533111,1.0,1,0.017906904220581055,7.729004383087158,cnn_experiments_data/arrays/fmnist_7_pure_logits_greedy_5_temp_calibrate_then_pool_2025-11-30.npz
FMNIST,7,pure_logits,greedy_5_post_calib,5,4,0.22830531001091003,0.9729945855893378,0.2182423990004165,1,0.017906904220581055,10.51147174835205,cnn_experiments_data/arrays/fmnist_7_pure_logits_greedy_5_post_calib_2025-11-30.npz
FMNIST,8,pure_logits,greedy_5_baseline,5,5,0.24073061347007751,,,,0.018274545669555664,0.0,cnn_experiments_data/arrays/fmnist_8_pure_logits_greedy_5_baseline_2025-11-30.npz
FMNIST,8,pure_logits,greedy_5_temp_pool_then_calibrate,5,5,0.23759597539901733,0.8510204081632653,,,0.018274545669555664,0.026929378509521484,cnn_experiments_data/arrays/fmnist_8_pure_logits_greedy_5_temp_pool_then_calibrate_2025-11-30.npz
FMNIST,8,pure_logits,greedy_5_temp_calibrate_then_pool,5,5,0.23798033595085144,0.8614410662224073,1.0,1,0.018274545669555664,5.3495447635650635,cnn_experiments_data/arrays/fmnist_8_pure_logits_greedy_5_temp_calibrate_then_pool_2025-11-30.npz
FMNIST,8,pure_logits,greedy_5_post_calib,5,5,0.2371939867734909,0.949454394002499,0.24489795918367346,1,0.018274545669555664,10.209026575088501,cnn_experiments_data/arrays/fmnist_8_pure_logits_greedy_5_post_calib_2025-11-30.npz
FMNIST,9,pure_logits,greedy_5_baseline,5,4,0.23470743000507355,,,,0.01642632484436035,0.0,cnn_experiments_data/arrays/fmnist_9_pure_logits_greedy_5_baseline_2025-11-30.npz
FMNIST,9,pure_logits,greedy_5_temp_pool_then_calibrate,5,4,0.23139648139476776,0.8510204081632653,,,0.01642632484436035,0.0253751277923584,cnn_experiments_data/arrays/fmnist_9_pure_logits_greedy_5_temp_pool_then_calibrate_2025-11-30.npz
FMNIST,9,pure_logits,greedy_5_temp_calibrate_then_pool,5,4,0.23183244466781616,0.8614410662224073,1.0,1,0.01642632484436035,5.784407615661621,cnn_experiments_data/arrays/fmnist_9_pure_logits_greedy_5_temp_calibrate_then_pool_2025-11-30.npz
FMNIST,9,pure_logits,greedy_5_post_calib,5,4,0.23067913949489594,0.9246147438567264,0.4897959183673469,1,0.01642632484436035,10.93205451965332,cnn_experiments_data/arrays/fmnist_9_pure_logits_greedy_5_post_calib_2025-11-30.npz
CIFAR,0,pure_logits,greedy_5_baseline,5,4,0.4801318347454071,,,,0.016437053680419922,0.0,cnn_experiments_data/arrays/cifar_0_pure_logits_greedy_5_baseline_2025-11-30.npz
CIFAR,0,pure_logits,greedy_5_temp_pool_then_calibrate,5,4,0.4780862331390381,0.8510204081632653,,,0.016437053680419922,0.024780750274658203,cnn_experiments_data/arrays/cifar_0_pure_logits_greedy_5_temp_pool_then_calibrate_2025-11-30.npz
CIFAR,0,pure_logits,greedy_5_temp_calibrate_then_pool,5,4,0.4802664518356323,0.9337609329446064,1.0,1,0.016437053680419922,4.653306007385254,cnn_experiments_data/arrays/cifar_0_pure_logits_greedy_5_temp_calibrate_then_pool_2025-11-30.npz
CIFAR,0,pure_logits,greedy_5_post_calib,5,4,0.45988038182258606,1.094344023323615,0.24489795918367346,1,0.016437053680419922,10.128378629684448,cnn_experiments_data/arrays/cifar_0_pure_logits_greedy_5_post_calib_2025-11-30.npz
CIFAR,1,pure_logits,greedy_5_baseline,5,5,0.4473716914653778,,,,0.015530824661254883,0.0,cnn_experiments_data/arrays/cifar_1_pure_logits_greedy_5_baseline_2025-11-30.npz
CIFAR,1,pure_logits,greedy_5_temp_pool_then_calibrate,5,5,0.43687915802001953,0.7959183673469388,,,0.015530824661254883,0.021451711654663086,cnn_experiments_data/arrays/cifar_1_pure_logits_greedy_5_temp_pool_then_calibrate_2025-11-30.npz
CIFAR,1,pure_logits,greedy_5_temp_calibrate_then_pool,5,5,0.44526150822639465,0.8876301541024573,1.0,1,0.015530824661254883,4.707743883132935,cnn_experiments_data/arrays/cifar_1_pure_logits_greedy_5_temp_calibrate_then_pool_2025-11-30.npz
CIFAR,1,pure_logits,greedy_5_post_calib,5,5,0.41856369376182556,1.075801749271137,0.16992919616826324,1,0.015530824661254883,11.65662670135498,cnn_experiments_data/arrays/cifar_1_pure_logits_greedy_5_post_calib_2025-11-30.npz
CIFAR,2,pure_logits,greedy_5_baseline,5,4,0.46224766969680786,,,,0.018082141876220703,0.0,cnn_experiments_data/arrays/cifar_2_pure_logits_greedy_5_baseline_2025-11-30.npz
CIFAR,2,pure_logits,greedy_5_temp_pool_then_calibrate,5,4,0.45337212085723877,0.7959183673469388,,,0.018082141876220703,0.028412580490112305,cnn_experiments_data/arrays/cifar_2_pure_logits_greedy_5_temp_pool_then_calibrate_2025-11-30.npz
CIFAR,2,pure_logits,greedy_5_temp_calibrate_then_pool,5,4,0.45978620648384094,0.8683881715951687,1.0,1,0.018082141876220703,4.521759271621704,cnn_experiments_data/arrays/cifar_2_pure_logits_greedy_5_temp_calibrate_then_pool_2025-11-30.npz
CIFAR,2,pure_logits,greedy_5_post_calib,5,4,0.43532177805900574,1.0121782590587256,0.2432319866722199,1,0.018082141876220703,9.621597528457642,cnn_experiments_data/arrays/cifar_2_pure_logits_greedy_5_post_calib_2025-11-30.npz
CIFAR,3,pure_logits,greedy_5_baseline,5,5,0.4744132161140442,,,,0.014255285263061523,0.0,cnn_experiments_data/arrays/cifar_3_pure_logits_greedy_5_baseline_2025-11-30.npz
CIFAR,3,pure_logits,greedy_5_temp_pool_then_calibrate,5,5,0.4625801742076874,0.7959183673469388,,,0.014255285263061523,0.02191758155822754,cnn_experiments_data/arrays/cifar_3_pure_logits_greedy_5_temp_pool_then_calibrate_2025-11-30.npz
CIFAR,3,pure_logits,greedy_5_temp_calibrate_then_pool,5,5,0.47224584221839905,0.854493960849646,1.0,1,0.014255285263061523,4.0987138748168945,cnn_experiments_data/arrays/cifar_3_pure_logits_greedy_5_temp_calibrate_then_pool_2025-11-30.npz
CIFAR,3,pure_logits,greedy_5_post_calib,5,5,0.4424954950809479,1.0583090379008746,0.0,1,0.014255285263061523,9.075127363204956,cnn_experiments_data/arrays/cifar_3_pure_logits_greedy_5_post_calib_2025-11-30.npz
CIFAR,4,pure_logits,greedy_5_baseline,5,5,0.4572122395038605,,,,1.7329528331756592,0.0,cnn_experiments_data/arrays/cifar_4_pure_logits_greedy_5_baseline_2025-11-30.npz
CIFAR,4,pure_logits,greedy_5_temp_pool_then_calibrate,5,5,0.4452548921108246,0.7959183673469388,,,1.7329528331756592,1.9333195686340332,cnn_experiments_data/arrays/cifar_4_pure_logits_greedy_5_temp_pool_then_calibrate_2025-11-30.npz
CIFAR,4,pure_logits,greedy_5_temp_calibrate_then_pool,5,5,0.45450660586357117,0.8614410662224073,1.0,1,1.7329528331756592,5.507111310958862,cnn_experiments_data/arrays/cifar_4_pure_logits_greedy_5_temp_calibrate_then_pool_2025-11-30.npz
CIFAR,4,pure_logits,greedy_5_post_calib,5,5,0.4249272346496582,1.0583090379008746,0.0,1,1.7329528331756592,11.767098903656006,cnn_experiments_data/arrays/cifar_4_pure_logits_greedy_5_post_calib_2025-11-30.npz
CIFAR,5,pure_logits,greedy_5_baseline,5,5,0.46309101581573486,,,,0.013791561126708984,0.0,cnn_experiments_data/arrays/cifar_5_pure_logits_greedy_5_baseline_2025-11-30.npz
CIFAR,5,pure_logits,greedy_5_temp_pool_then_calibrate,5,5,0.45287007093429565,0.8510204081632653,,,0.013791561126708984,0.021891355514526367,cnn_experiments_data/arrays/cifar_5_pure_logits_greedy_5_temp_pool_then_calibrate_2025-11-30.npz
CIFAR,5,pure_logits,greedy_5_temp_calibrate_then_pool,5,5,0.4617373049259186,0.9337609329446064,1.0,1,0.013791561126708984,4.455533504486084,cnn_experiments_data/arrays/cifar_5_pure_logits_greedy_5_temp_calibrate_then_pool_2025-11-30.npz
CIFAR,5,pure_logits,greedy_5_post_calib,5,5,0.4245449900627136,1.1311286963765097,0.0,1,0.013791561126708984,9.555095672607422,cnn_experiments_data/arrays/cifar_5_pure_logits_greedy_5_post_calib_2025-11-30.npz
CIFAR,6,pure_logits,greedy_5_baseline,5,5,0.46051928400993347,,,,0.014120817184448242,0.0,cnn_experiments_data/arrays/cifar_6_pure_logits_greedy_5_baseline_2025-11-30.npz
CIFAR,6,pure_logits,greedy_5_temp_pool_then_calibrate,5,5,0.4535734951496124,0.7959183673469388,,,0.014120817184448242,0.02277374267578125,cnn_experiments_data/arrays/cifar_6_pure_logits_greedy_5_temp_pool_then_calibrate_2025-11-30.npz
CIFAR,6,pure_logits,greedy_5_temp_calibrate_then_pool,5,5,0.4595918655395508,0.8876301541024573,1.0,1,0.014120817184448242,4.156012058258057,cnn_experiments_data/arrays/cifar_6_pure_logits_greedy_5_temp_calibrate_then_pool_2025-11-30.npz
CIFAR,6,pure_logits,greedy_5_post_calib,5,5,0.4305661618709564,1.075801749271137,0.0,1,0.014120817184448242,11.192179918289185,cnn_experiments_data/arrays/cifar_6_pure_logits_greedy_5_post_calib_2025-11-30.npz
CIFAR,7,pure_logits,greedy_5_baseline,5,4,0.4663928151130676,,,,0.7318694591522217,0.0,cnn_experiments_data/arrays/cifar_7_pure_logits_greedy_5_baseline_2025-11-30.npz
CIFAR,7,pure_logits,greedy_5_temp_pool_then_calibrate,5,4,0.4609658718109131,0.8510204081632653,,,0.7318694591522217,0.022035598754882812,cnn_experiments_data/arrays/cifar_7_pure_logits_greedy_5_temp_pool_then_calibrate_2025-11-30.npz
CIFAR,7,pure_logits,greedy_5_temp_calibrate_then_pool,5,4,0.465480238199234,0.9246147438567264,1.0,1,0.7318694591522217,4.6917643547058105,cnn_experiments_data/arrays/cifar_7_pure_logits_greedy_5_temp_calibrate_then_pool_2025-11-30.npz
CIFAR,7,pure_logits,greedy_5_post_calib,5,4,0.44297611713409424,1.075801749271137,0.24489795918367346,1,0.7318694591522217,10.55334186553955,cnn_experiments_data/arrays/cifar_7_pure_logits_greedy_5_post_calib_2025-11-30.npz
CIFAR,8,pure_logits,greedy_5_baseline,5,4,0.47342875599861145,,,,1.778339147567749,0.0,cnn_experiments_data/arrays/cifar_8_pure_logits_greedy_5_baseline_2025-11-30.npz
CIFAR,8,pure_logits,greedy_5_temp_pool_then_calibrate,5,4,0.46746328473091125,0.8510204081632653,,,1.778339147567749,0.023935556411743164,cnn_experiments_data/arrays/cifar_8_pure_logits_greedy_5_temp_pool_then_calibrate_2025-11-30.npz
CIFAR,8,pure_logits,greedy_5_temp_calibrate_then_pool,5,4,0.47292008996009827,0.949454394002499,1.0,1,1.778339147567749,4.452160835266113,cnn_experiments_data/arrays/cifar_8_pure_logits_greedy_5_temp_calibrate_then_pool_2025-11-30.npz
CIFAR,8,pure_logits,greedy_5_post_calib,5,4,0.43860840797424316,1.1035401915868388,0.0,1,1.778339147567749,9.273285150527954,cnn_experiments_data/arrays/cifar_8_pure_logits_greedy_5_post_calib_2025-11-30.npz
CIFAR,9,pure_logits,greedy_5_baseline,5,4,0.4776236116886139,,,,0.3854224681854248,0.0,cnn_experiments_data/arrays/cifar_9_pure_logits_greedy_5_baseline_2025-11-30.npz
CIFAR,9,pure_logits,greedy_5_temp_pool_then_calibrate,5,4,0.4713701903820038,0.8510204081632653,,,0.3854224681854248,0.023605823516845703,cnn_experiments_data/arrays/cifar_9_pure_logits_greedy_5_temp_pool_then_calibrate_2025-11-30.npz
CIFAR,9,pure_logits,greedy_5_temp_calibrate_then_pool,5,4,0.47673991322517395,0.9337609329446064,1.0,1,0.3854224681854248,4.4735798835754395,cnn_experiments_data/arrays/cifar_9_pure_logits_greedy_5_temp_calibrate_then_pool_2025-11-30.npz
CIFAR,9,pure_logits,greedy_5_post_calib,5,4,0.45055386424064636,1.0932944606413992,0.163265306122449,1,0.3854224681854248,9.791156530380249,cnn_experiments_data/arrays/cifar_9_pure_logits_greedy_5_post_calib_2025-11-30.npz
MNIST10Epochs10_5L2Reg,0,pure_logits,greedy_5_baseline,5,5,0.026230398565530777,,,,0.07803821563720703,0.0,cnn_experiments_data/arrays/mnist10epochs10_5l2reg_0_pure_logits_greedy_5_baseline_2025-11-30.npz
MNIST10Epochs10_5L2Reg,0,pure_logits,greedy_5_temp_pool_then_calibrate,5,5,0.02621855027973652,1.0714285714285714,,,0.07803821563720703,0.03358054161071777,cnn_experiments_data/arrays/mnist10epochs10_5l2reg_0_pure_logits_greedy_5_temp_pool_then_calibrate_2025-11-30.npz
MNIST10Epochs10_5L2Reg,0,pure_logits,greedy_5_temp_calibrate_then_pool,5,5,0.02567417174577713,1.3076551436901291,1.0,1,0.07803821563720703,18.262677669525146,cnn_experiments_data/arrays/mnist10epochs10_5l2reg_0_pure_logits_greedy_5_temp_calibrate_then_pool_2025-11-30.npz
MNIST10Epochs10_5L2Reg,0,pure_logits,greedy_5_post_calib,5,5,0.023432163521647453,1.6980924614743858,0.1765930862140775,1,0.07803821563720703,13.563842058181763,cnn_experiments_data/arrays/mnist10epochs10_5l2reg_0_pure_logits_greedy_5_post_calib_2025-11-30.npz
MNIST10Epochs10_5L2Reg,1,pure_logits,greedy_5_baseline,5,4,0.029054880142211914,,,,0.019391536712646484,0.0,cnn_experiments_data/arrays/mnist10epochs10_5l2reg_1_pure_logits_greedy_5_baseline_2025-11-30.npz
MNIST10Epochs10_5L2Reg,1,pure_logits,greedy_5_temp_pool_then_calibrate,5,4,0.02900298871099949,1.0163265306122449,,,0.019391536712646484,0.028273344039916992,cnn_experiments_data/arrays/mnist10epochs10_5l2reg_1_pure_logits_greedy_5_temp_pool_then_calibrate_2025-11-30.npz
MNIST10Epochs10_5L2Reg,1,pure_logits,greedy_5_temp_calibrate_then_pool,5,4,0.02813335321843624,1.1961016243231986,1.0,1,0.019391536712646484,4.6950843334198,cnn_experiments_data/arrays/mnist10epochs10_5l2reg_1_pure_logits_greedy_5_temp_calibrate_then_pool_2025-11-30.npz
MNIST10Epochs10_5L2Reg,1,pure_logits,greedy_5_post_calib,5,4,0.024735257029533386,1.5865389421074554,0.0,1,0.019391536712646484,11.506167888641357,cnn_experiments_data/arrays/mnist10epochs10_5l2reg_1_pure_logits_greedy_5_post_calib_2025-11-30.npz
MNIST10Epochs10_5L2Reg,2,pure_logits,greedy_5_baseline,5,4,0.031173624098300934,,,,0.018691539764404297,0.0,cnn_experiments_data/arrays/mnist10epochs10_5l2reg_2_pure_logits_greedy_5_baseline_2025-11-30.npz
MNIST10Epochs10_5L2Reg,2,pure_logits,greedy_5_temp_pool_then_calibrate,5,4,0.03105435147881508,1.0163265306122449,,,0.018691539764404297,0.031134605407714844,cnn_experiments_data/arrays/mnist10epochs10_5l2reg_2_pure_logits_greedy_5_temp_pool_then_calibrate_2025-11-30.npz
MNIST10Epochs10_5L2Reg,2,pure_logits,greedy_5_temp_calibrate_then_pool,5,4,0.0297889094799757,1.2057476051645146,1.0,1,0.018691539764404297,5.600391864776611,cnn_experiments_data/arrays/mnist10epochs10_5l2reg_2_pure_logits_greedy_5_temp_calibrate_then_pool_2025-11-30.npz
MNIST10Epochs10_5L2Reg,2,pure_logits,greedy_5_post_calib,5,4,0.027846070006489754,1.4535443565181176,0.5597667638483965,1,0.018691539764404297,10.159530639648438,cnn_experiments_data/arrays/mnist10epochs10_5l2reg_2_pure_logits_greedy_5_post_calib_2025-11-30.npz
MNIST10Epochs10_5L2Reg,3,pure_logits,greedy_5_baseline,5,4,0.022464953362941742,,,,0.017855405807495117,0.0,cnn_experiments_data/arrays/mnist10epochs10_5l2reg_3_pure_logits_greedy_5_baseline_2025-11-30.npz
MNIST10Epochs10_5L2Reg,3,pure_logits,greedy_5_temp_pool_then_calibrate,5,4,0.022484321147203445,1.0714285714285714,,,0.017855405807495117,0.026644468307495117,cnn_experiments_data/arrays/mnist10epochs10_5l2reg_3_pure_logits_greedy_5_temp_pool_then_calibrate_2025-11-30.npz
MNIST10Epochs10_5L2Reg,3,pure_logits,greedy_5_temp_calibrate_then_pool,5,4,0.022206055000424385,1.3076551436901291,1.0,1,0.017855405807495117,13.765856981277466,cnn_experiments_data/arrays/mnist10epochs10_5l2reg_3_pure_logits_greedy_5_temp_calibrate_then_pool_2025-11-30.npz
MNIST10Epochs10_5L2Reg,3,pure_logits,greedy_5_post_calib,5,4,0.02029496058821678,1.5865389421074554,0.0,1,0.017855405807495117,29.302958488464355,cnn_experiments_data/arrays/mnist10epochs10_5l2reg_3_pure_logits_greedy_5_post_calib_2025-11-30.npz
MNIST10Epochs10_5L2Reg,4,pure_logits,greedy_5_baseline,5,5,0.02384185418486595,,,,0.02554774284362793,0.0,cnn_experiments_data/arrays/mnist10epochs10_5l2reg_4_pure_logits_greedy_5_baseline_2025-11-30.npz
MNIST10Epochs10_5L2Reg,4,pure_logits,greedy_5_temp_pool_then_calibrate,5,5,0.023885665461421013,1.0714285714285714,,,0.02554774284362793,0.033423423767089844,cnn_experiments_data/arrays/mnist10epochs10_5l2reg_4_pure_logits_greedy_5_temp_pool_then_calibrate_2025-11-30.npz
MNIST10Epochs10_5L2Reg,4,pure_logits,greedy_5_temp_calibrate_then_pool,5,5,0.023625889793038368,1.2417825905872553,1.0,1,0.02554774284362793,8.794175863265991,cnn_experiments_data/arrays/mnist10epochs10_5l2reg_4_pure_logits_greedy_5_temp_calibrate_then_pool_2025-11-30.npz
MNIST10Epochs10_5L2Reg,4,pure_logits,greedy_5_post_calib,5,5,0.022344522178173065,1.5993336109954188,0.38650562265722616,1,0.02554774284362793,11.345096588134766,cnn_experiments_data/arrays/mnist10epochs10_5l2reg_4_pure_logits_greedy_5_post_calib_2025-11-30.npz
MNIST10Epochs10_5L2Reg,5,pure_logits,greedy_5_baseline,5,5,0.029728369787335396,,,,0.028153181076049805,0.0,cnn_experiments_data/arrays/mnist10epochs10_5l2reg_5_pure_logits_greedy_5_baseline_2025-11-30.npz
MNIST10Epochs10_5L2Reg,5,pure_logits,greedy_5_temp_pool_then_calibrate,5,5,0.02967999130487442,1.0163265306122449,,,0.028153181076049805,0.04916048049926758,cnn_experiments_data/arrays/mnist10epochs10_5l2reg_5_pure_logits_greedy_5_temp_pool_then_calibrate_2025-11-30.npz
MNIST10Epochs10_5L2Reg,5,pure_logits,greedy_5_temp_calibrate_then_pool,5,5,0.02858683466911316,1.2316867971678467,1.0,1,0.028153181076049805,6.8529133796691895,cnn_experiments_data/arrays/mnist10epochs10_5l2reg_5_pure_logits_greedy_5_temp_calibrate_then_pool_2025-11-30.npz
MNIST10Epochs10_5L2Reg,5,pure_logits,greedy_5_post_calib,5,5,0.025211114436388016,1.615826738858809,0.24489795918367346,1,0.028153181076049805,20.574673414230347,cnn_experiments_data/arrays/mnist10epochs10_5l2reg_5_pure_logits_greedy_5_post_calib_2025-11-30.npz
MNIST10Epochs10_5L2Reg,6,pure_logits,greedy_5_baseline,5,4,0.026974426582455635,,,,0.02110910415649414,0.0,cnn_experiments_data/arrays/mnist10epochs10_5l2reg_6_pure_logits_greedy_5_baseline_2025-11-30.npz
MNIST10Epochs10_5L2Reg,6,pure_logits,greedy_5_temp_pool_then_calibrate,5,4,0.027126308530569077,1.126530612244898,,,0.02110910415649414,0.030889511108398438,cnn_experiments_data/arrays/mnist10epochs10_5l2reg_6_pure_logits_greedy_5_temp_pool_then_calibrate_2025-11-30.npz
MNIST10Epochs10_5L2Reg,6,pure_logits,greedy_5_temp_calibrate_then_pool,5,4,0.026317322626709938,1.3182007496876302,1.0,1,0.02110910415649414,11.381056547164917,cnn_experiments_data/arrays/mnist10epochs10_5l2reg_6_pure_logits_greedy_5_temp_calibrate_then_pool_2025-11-30.npz
MNIST10Epochs10_5L2Reg,6,pure_logits,greedy_5_post_calib,5,4,0.023618942126631737,1.6831486880466473,0.4897959183673469,1,0.02110910415649414,10.684483289718628,cnn_experiments_data/arrays/mnist10epochs10_5l2reg_6_pure_logits_greedy_5_post_calib_2025-11-30.npz
MNIST10Epochs10_5L2Reg,7,pure_logits,greedy_5_baseline,5,5,0.0280965156853199,,,,0.018369436264038086,0.0,cnn_experiments_data/arrays/mnist10epochs10_5l2reg_7_pure_logits_greedy_5_baseline_2025-11-30.npz
MNIST10Epochs10_5L2Reg,7,pure_logits,greedy_5_temp_pool_then_calibrate,5,5,0.028437400236725807,0.9061224489795918,,,0.018369436264038086,0.028228759765625,cnn_experiments_data/arrays/mnist10epochs10_5l2reg_7_pure_logits_greedy_5_temp_pool_then_calibrate_2025-11-30.npz
MNIST10Epochs10_5L2Reg,7,pure_logits,greedy_5_temp_calibrate_then_pool,5,5,0.027644844725728035,1.1035401915868388,1.0,1,0.018369436264038086,14.572072982788086,cnn_experiments_data/arrays/mnist10epochs10_5l2reg_7_pure_logits_greedy_5_temp_calibrate_then_pool_2025-11-30.npz
MNIST10Epochs10_5L2Reg,7,pure_logits,greedy_5_post_calib,5,5,0.025928130373358727,1.4535443565181176,0.34985422740524785,1,0.018369436264038086,17.1104793548584,cnn_experiments_data/arrays/mnist10epochs10_5l2reg_7_pure_logits_greedy_5_post_calib_2025-11-30.npz
MNIST10Epochs10_5L2Reg,8,pure_logits,greedy_5_baseline,5,4,0.024588095024228096,,,,0.019171476364135742,0.0,cnn_experiments_data/arrays/mnist10epochs10_5l2reg_8_pure_logits_greedy_5_baseline_2025-11-30.npz
MNIST10Epochs10_5L2Reg,8,pure_logits,greedy_5_temp_pool_then_calibrate,5,4,0.024872509762644768,1.236734693877551,,,0.019171476364135742,0.02798748016357422,cnn_experiments_data/arrays/mnist10epochs10_5l2reg_8_pure_logits_greedy_5_temp_pool_then_calibrate_2025-11-30.npz
MNIST10Epochs10_5L2Reg,8,pure_logits,greedy_5_temp_calibrate_then_pool,5,4,0.02427700161933899,1.4630903790087464,1.0,1,0.019171476364135742,13.772310733795166,cnn_experiments_data/arrays/mnist10epochs10_5l2reg_8_pure_logits_greedy_5_temp_calibrate_then_pool_2025-11-30.npz
MNIST10Epochs10_5L2Reg,8,pure_logits,greedy_5_post_calib,5,4,0.022115422412753105,1.7804581424406498,0.24489795918367346,1,0.019171476364135742,20.02385973930359,cnn_experiments_data/arrays/mnist10epochs10_5l2reg_8_pure_logits_greedy_5_post_calib_2025-11-30.npz
MNIST10Epochs10_5L2Reg,9,pure_logits,greedy_5_baseline,5,4,0.030587390065193176,,,,0.023863554000854492,0.0,cnn_experiments_data/arrays/mnist10epochs10_5l2reg_9_pure_logits_greedy_5_baseline_2025-11-30.npz
MNIST10Epochs10_5L2Reg,9,pure_logits,greedy_5_temp_pool_then_calibrate,5,4,0.03009874001145363,1.236734693877551,,,0.023863554000854492,0.03243875503540039,cnn_experiments_data/arrays/mnist10epochs10_5l2reg_9_pure_logits_greedy_5_temp_pool_then_calibrate_2025-11-30.npz
MNIST10Epochs10_5L2Reg,9,pure_logits,greedy_5_temp_calibrate_then_pool,5,4,0.029005637392401695,1.4393002915451896,1.0,1,0.023863554000854492,14.19077205657959,cnn_experiments_data/arrays/mnist10epochs10_5l2reg_9_pure_logits_greedy_5_temp_calibrate_then_pool_2025-11-30.npz
MNIST10Epochs10_5L2Reg,9,pure_logits,greedy_5_post_calib,5,4,0.02694651484489441,1.6707038733860893,0.6097459391920034,1,0.023863554000854492,9.199867010116577,cnn_experiments_data/arrays/mnist10epochs10_5l2reg_9_pure_logits_greedy_5_post_calib_2025-11-30.npz
MNIST40Epochs10_4L2Reg,0,pure_logits,greedy_5_baseline,5,4,0.024766836315393448,,,,0.19092917442321777,0.0,cnn_experiments_data/arrays/mnist40epochs10_4l2reg_0_pure_logits_greedy_5_baseline_2025-11-30.npz
MNIST40Epochs10_4L2Reg,0,pure_logits,greedy_5_temp_pool_then_calibrate,5,4,0.024979276582598686,1.126530612244898,,,0.19092917442321777,0.030199289321899414,cnn_experiments_data/arrays/mnist40epochs10_4l2reg_0_pure_logits_greedy_5_temp_pool_then_calibrate_2025-11-30.npz
MNIST40Epochs10_4L2Reg,0,pure_logits,greedy_5_temp_calibrate_then_pool,5,4,0.024485258385539055,1.297109537692628,1.0,1,0.19092917442321777,4.345640420913696,cnn_experiments_data/arrays/mnist40epochs10_4l2reg_0_pure_logits_greedy_5_temp_calibrate_then_pool_2025-11-30.npz
MNIST40Epochs10_4L2Reg,0,pure_logits,greedy_5_post_calib,5,4,0.022625034675002098,1.6433152852977928,0.24489795918367346,1,0.19092917442321777,7.802397966384888,cnn_experiments_data/arrays/mnist40epochs10_4l2reg_0_pure_logits_greedy_5_post_calib_2025-11-30.npz
MNIST40Epochs10_4L2Reg,1,pure_logits,greedy_5_baseline,5,4,0.029762698337435722,,,,0.014865398406982422,0.0,cnn_experiments_data/arrays/mnist40epochs10_4l2reg_1_pure_logits_greedy_5_baseline_2025-11-30.npz
MNIST40Epochs10_4L2Reg,1,pure_logits,greedy_5_temp_pool_then_calibrate,5,4,0.029975412413477898,0.9612244897959183,,,0.014865398406982422,0.022243261337280273,cnn_experiments_data/arrays/mnist40epochs10_4l2reg_1_pure_logits_greedy_5_temp_pool_then_calibrate_2025-11-30.npz
MNIST40Epochs10_4L2Reg,1,pure_logits,greedy_5_temp_calibrate_then_pool,5,4,0.028922192752361298,1.149521032902957,1.0,1,0.014865398406982422,3.899994134902954,cnn_experiments_data/arrays/mnist40epochs10_4l2reg_1_pure_logits_greedy_5_temp_calibrate_then_pool_2025-11-30.npz
MNIST40Epochs10_4L2Reg,1,pure_logits,greedy_5_post_calib,5,4,0.02650393545627594,1.5481549354435653,0.0,1,0.014865398406982422,8.066341161727905,cnn_experiments_data/arrays/mnist40epochs10_4l2reg_1_pure_logits_greedy_5_post_calib_2025-11-30.npz
MNIST40Epochs10_4L2Reg,2,pure_logits,greedy_5_baseline,5,4,0.026465781033039093,,,,0.014555931091308594,0.0,cnn_experiments_data/arrays/mnist40epochs10_4l2reg_2_pure_logits_greedy_5_baseline_2025-11-30.npz
MNIST40Epochs10_4L2Reg,2,pure_logits,greedy_5_temp_pool_then_calibrate,5,4,0.02662576548755169,0.9612244897959183,,,0.014555931091308594,0.026150226593017578,cnn_experiments_data/arrays/mnist40epochs10_4l2reg_2_pure_logits_greedy_5_temp_pool_then_calibrate_2025-11-30.npz
MNIST40Epochs10_4L2Reg,2,pure_logits,greedy_5_temp_calibrate_then_pool,5,4,0.025918100029230118,1.149521032902957,1.0,1,0.014555931091308594,4.0195698738098145,cnn_experiments_data/arrays/mnist40epochs10_4l2reg_2_pure_logits_greedy_5_temp_calibrate_then_pool_2025-11-30.npz
MNIST40Epochs10_4L2Reg,2,pure_logits,greedy_5_post_calib,5,4,0.02416405826807022,1.4306538942107456,0.36318200749687635,1,0.014555931091308594,15.332526445388794,cnn_experiments_data/arrays/mnist40epochs10_4l2reg_2_pure_logits_greedy_5_post_calib_2025-11-30.npz
MNIST40Epochs10_4L2Reg,3,pure_logits,greedy_5_baseline,5,5,0.021124616265296936,,,,0.014671802520751953,0.0,cnn_experiments_data/arrays/mnist40epochs10_4l2reg_3_pure_logits_greedy_5_baseline_2025-11-30.npz
MNIST40Epochs10_4L2Reg,3,pure_logits,greedy_5_temp_pool_then_calibrate,5,5,0.020966943353414536,0.9612244897959183,,,0.014671802520751953,0.02526068687438965,cnn_experiments_data/arrays/mnist40epochs10_4l2reg_3_pure_logits_greedy_5_temp_pool_then_calibrate_2025-11-30.npz
MNIST40Epochs10_4L2Reg,3,pure_logits,greedy_5_temp_calibrate_then_pool,5,5,0.02136521227657795,1.1768096626405664,1.0,1,0.014671802520751953,4.011143684387207,cnn_experiments_data/arrays/mnist40epochs10_4l2reg_3_pure_logits_greedy_5_temp_calibrate_then_pool_2025-11-30.npz
MNIST40Epochs10_4L2Reg,3,pure_logits,greedy_5_post_calib,5,5,0.019209446385502815,1.4987755102040818,0.34985422740524785,1,0.014671802520751953,16.76484513282776,cnn_experiments_data/arrays/mnist40epochs10_4l2reg_3_pure_logits_greedy_5_post_calib_2025-11-30.npz
MNIST40Epochs10_4L2Reg,4,pure_logits,greedy_5_baseline,5,4,0.02496171183884144,,,,0.015538930892944336,0.0,cnn_experiments_data/arrays/mnist40epochs10_4l2reg_4_pure_logits_greedy_5_baseline_2025-11-30.npz
MNIST40Epochs10_4L2Reg,4,pure_logits,greedy_5_temp_pool_then_calibrate,5,4,0.024839965626597404,1.0714285714285714,,,0.015538930892944336,0.0231778621673584,cnn_experiments_data/arrays/mnist40epochs10_4l2reg_4_pure_logits_greedy_5_temp_pool_then_calibrate_2025-11-30.npz
MNIST40Epochs10_4L2Reg,4,pure_logits,greedy_5_temp_calibrate_then_pool,5,4,0.02439221367239952,1.2518783840066638,1.0,1,0.015538930892944336,7.925369501113892,cnn_experiments_data/arrays/mnist40epochs10_4l2reg_4_pure_logits_greedy_5_temp_calibrate_then_pool_2025-11-30.npz
MNIST40Epochs10_4L2Reg,4,pure_logits,greedy_5_post_calib,5,4,0.023325685411691666,1.615826738858809,0.0,1,0.015538930892944336,17.03787636756897,cnn_experiments_data/arrays/mnist40epochs10_4l2reg_4_pure_logits_greedy_5_post_calib_2025-11-30.npz
MNIST40Epochs10_4L2Reg,5,pure_logits,greedy_5_baseline,5,3,0.029900770634412766,,,,0.015684127807617188,0.0,cnn_experiments_data/arrays/mnist40epochs10_4l2reg_5_pure_logits_greedy_5_baseline_2025-11-30.npz
MNIST40Epochs10_4L2Reg,5,pure_logits,greedy_5_temp_pool_then_calibrate,5,3,0.03073231317102909,0.9061224489795918,,,0.015684127807617188,0.0410308837890625,cnn_experiments_data/arrays/mnist40epochs10_4l2reg_5_pure_logits_greedy_5_temp_pool_then_calibrate_2025-11-30.npz
MNIST40Epochs10_4L2Reg,5,pure_logits,greedy_5_temp_calibrate_then_pool,5,3,0.02941325679421425,1.0583090379008746,1.0,1,0.015684127807617188,5.209094047546387,cnn_experiments_data/arrays/mnist40epochs10_4l2reg_5_pure_logits_greedy_5_temp_calibrate_then_pool_2025-11-30.npz
MNIST40Epochs10_4L2Reg,5,pure_logits,greedy_5_post_calib,5,3,0.026534920558333397,1.3076551436901291,0.3431903373594336,1,0.015684127807617188,16.957739114761353,cnn_experiments_data/arrays/mnist40epochs10_4l2reg_5_pure_logits_greedy_5_post_calib_2025-11-30.npz
MNIST40Epochs10_4L2Reg,6,pure_logits,greedy_5_baseline,5,5,0.023929549381136894,,,,0.021679162979125977,0.0,cnn_experiments_data/arrays/mnist40epochs10_4l2reg_6_pure_logits_greedy_5_baseline_2025-11-30.npz
MNIST40Epochs10_4L2Reg,6,pure_logits,greedy_5_temp_pool_then_calibrate,5,5,0.024133261293172836,1.0714285714285714,,,0.021679162979125977,0.023309707641601562,cnn_experiments_data/arrays/mnist40epochs10_4l2reg_6_pure_logits_greedy_5_temp_pool_then_calibrate_2025-11-30.npz
MNIST40Epochs10_4L2Reg,6,pure_logits,greedy_5_temp_calibrate_then_pool,5,5,0.023907747119665146,1.3076551436901291,1.0,1,0.021679162979125977,4.289854288101196,cnn_experiments_data/arrays/mnist40epochs10_4l2reg_6_pure_logits_greedy_5_temp_calibrate_then_pool_2025-11-30.npz
MNIST40Epochs10_4L2Reg,6,pure_logits,greedy_5_post_calib,5,5,0.02212434448301792,1.697292794668888,0.24489795918367346,1,0.021679162979125977,16.115273475646973,cnn_experiments_data/arrays/mnist40epochs10_4l2reg_6_pure_logits_greedy_5_post_calib_2025-11-30.npz
MNIST40Epochs10_4L2Reg,7,pure_logits,greedy_5_baseline,5,4,0.026842279359698296,,,,0.02089238166809082,0.0,cnn_experiments_data/arrays/mnist40epochs10_4l2reg_7_pure_logits_greedy_5_baseline_2025-11-30.npz
MNIST40Epochs10_4L2Reg,7,pure_logits,greedy_5_temp_pool_then_calibrate,5,4,0.026733651757240295,1.0163265306122449,,,0.02089238166809082,0.02420806884765625,cnn_experiments_data/arrays/mnist40epochs10_4l2reg_7_pure_logits_greedy_5_temp_pool_then_calibrate_2025-11-30.npz
MNIST40Epochs10_4L2Reg,7,pure_logits,greedy_5_temp_calibrate_then_pool,5,4,0.025880882516503334,1.1575177009579343,1.0,1,0.02089238166809082,3.6965036392211914,cnn_experiments_data/arrays/mnist40epochs10_4l2reg_7_pure_logits_greedy_5_temp_calibrate_then_pool_2025-11-30.npz
MNIST40Epochs10_4L2Reg,7,pure_logits,greedy_5_post_calib,5,4,0.024505889043211937,1.4511953352769682,0.3731778425655977,1,0.02089238166809082,16.87259840965271,cnn_experiments_data/arrays/mnist40epochs10_4l2reg_7_pure_logits_greedy_5_post_calib_2025-11-30.npz
MNIST40Epochs10_4L2Reg,8,pure_logits,greedy_5_baseline,5,5,0.023617135360836983,,,,0.01371455192565918,0.0,cnn_experiments_data/arrays/mnist40epochs10_4l2reg_8_pure_logits_greedy_5_baseline_2025-11-30.npz
MNIST40Epochs10_4L2Reg,8,pure_logits,greedy_5_temp_pool_then_calibrate,5,5,0.02393646165728569,1.126530612244898,,,0.01371455192565918,0.02315664291381836,cnn_experiments_data/arrays/mnist40epochs10_4l2reg_8_pure_logits_greedy_5_temp_pool_then_calibrate_2025-11-30.npz
MNIST40Epochs10_4L2Reg,8,pure_logits,greedy_5_temp_calibrate_then_pool,5,5,0.023484548553824425,1.3076551436901291,1.0,1,0.01371455192565918,3.7406911849975586,cnn_experiments_data/arrays/mnist40epochs10_4l2reg_8_pure_logits_greedy_5_temp_calibrate_then_pool_2025-11-30.npz
MNIST40Epochs10_4L2Reg,8,pure_logits,greedy_5_post_calib,5,5,0.021124837920069695,1.6555601832569764,0.326530612244898,1,0.01371455192565918,17.522087335586548,cnn_experiments_data/arrays/mnist40epochs10_4l2reg_8_pure_logits_greedy_5_post_calib_2025-11-30.npz
MNIST40Epochs10_4L2Reg,9,pure_logits,greedy_5_baseline,5,5,0.028702976182103157,,,,0.014507293701171875,0.0,cnn_experiments_data/arrays/mnist40epochs10_4l2reg_9_pure_logits_greedy_5_baseline_2025-11-30.npz
MNIST40Epochs10_4L2Reg,9,pure_logits,greedy_5_temp_pool_then_calibrate,5,5,0.028764763846993446,1.0714285714285714,,,0.014507293701171875,0.024628639221191406,cnn_experiments_data/arrays/mnist40epochs10_4l2reg_9_pure_logits_greedy_5_temp_pool_then_calibrate_2025-11-30.npz
MNIST40Epochs10_4L2Reg,9,pure_logits,greedy_5_temp_calibrate_then_pool,5,5,0.028118029236793518,1.2316867971678467,1.0,1,0.014507293701171875,8.672731161117554,cnn_experiments_data/arrays/mnist40epochs10_4l2reg_9_pure_logits_greedy_5_temp_calibrate_then_pool_2025-11-30.npz
MNIST40Epochs10_4L2Reg,9,pure_logits,greedy_5_post_calib,5,5,0.025607477873563766,1.53076218242399,0.5797584339858393,1,0.014507293701171875,12.79796814918518,cnn_experiments_data/arrays/mnist40epochs10_4l2reg_9_pure_logits_greedy_5_post_calib_2025-11-30.npz
CIFAR100,0,pure_logits,greedy_5_baseline,5,5,1.6054409742355347,,,,0.14709162712097168,0.0,cnn_experiments_data/arrays/cifar100_0_pure_logits_greedy_5_baseline_2025-11-30.npz
CIFAR100,0,pure_logits,greedy_5_temp_pool_then_calibrate,5,5,1.581676721572876,0.8510204081632653,,,0.14709162712097168,0.12649178504943848,cnn_experiments_data/arrays/cifar100_0_pure_logits_greedy_5_temp_pool_then_calibrate_2025-11-30.npz
CIFAR100,0,pure_logits,greedy_5_temp_calibrate_then_pool,5,5,1.5990351438522339,0.8950270720533111,1.0,1,0.14709162712097168,66.25677132606506,cnn_experiments_data/arrays/cifar100_0_pure_logits_greedy_5_temp_calibrate_then_pool_2025-11-30.npz
CIFAR100,0,pure_logits,greedy_5_post_calib,5,5,1.520845651626587,0.9651478550603916,0.0,1,0.14709162712097168,128.47762751579285,cnn_experiments_data/arrays/cifar100_0_pure_logits_greedy_5_post_calib_2025-11-30.npz
CIFAR100,1,pure_logits,greedy_5_baseline,5,5,1.6028990745544434,,,,0.13211798667907715,0.0,cnn_experiments_data/arrays/cifar100_1_pure_logits_greedy_5_baseline_2025-11-30.npz
CIFAR100,1,pure_logits,greedy_5_temp_pool_then_calibrate,5,5,1.5735706090927124,0.8510204081632653,,,0.13211798667907715,0.1333756446838379,cnn_experiments_data/arrays/cifar100_1_pure_logits_greedy_5_temp_pool_then_calibrate_2025-11-30.npz
CIFAR100,1,pure_logits,greedy_5_temp_calibrate_then_pool,5,5,1.590718388557434,0.87533527696793,1.0,1,0.13211798667907715,66.34650540351868,cnn_experiments_data/arrays/cifar100_1_pure_logits_greedy_5_temp_calibrate_then_pool_2025-11-30.npz
CIFAR100,1,pure_logits,greedy_5_post_calib,5,5,1.533416986465454,0.9416076634735527,0.0,1,0.13211798667907715,130.60125946998596,cnn_experiments_data/arrays/cifar100_1_pure_logits_greedy_5_post_calib_2025-11-30.npz
CIFAR100,2,pure_logits,greedy_5_baseline,5,5,1.6098110675811768,,,,0.10071349143981934,0.0,cnn_experiments_data/arrays/cifar100_2_pure_logits_greedy_5_baseline_2025-11-30.npz
CIFAR100,2,pure_logits,greedy_5_temp_pool_then_calibrate,5,5,1.5935221910476685,0.8510204081632653,,,0.10071349143981934,0.13872241973876953,cnn_experiments_data/arrays/cifar100_2_pure_logits_greedy_5_temp_pool_then_calibrate_2025-11-30.npz
CIFAR100,2,pure_logits,greedy_5_temp_calibrate_then_pool,5,5,1.6046061515808105,0.9098209079550188,1.0,1,0.10071349143981934,66.01957106590271,cnn_experiments_data/arrays/cifar100_2_pure_logits_greedy_5_temp_calibrate_then_pool_2025-11-30.npz
CIFAR100,2,pure_logits,greedy_5_post_calib,5,5,1.5448099374771118,0.9808413161182841,0.0,1,0.10071349143981934,131.85868000984192,cnn_experiments_data/arrays/cifar100_2_pure_logits_greedy_5_post_calib_2025-11-30.npz
CIFAR100,3,pure_logits,greedy_5_baseline,5,5,1.6263997554779053,,,,0.10980033874511719,0.0,cnn_experiments_data/arrays/cifar100_3_pure_logits_greedy_5_baseline_2025-11-30.npz
CIFAR100,3,pure_logits,greedy_5_temp_pool_then_calibrate,5,5,1.601181149482727,0.8510204081632653,,,0.10980033874511719,0.11835503578186035,cnn_experiments_data/arrays/cifar100_3_pure_logits_greedy_5_temp_pool_then_calibrate_2025-11-30.npz
CIFAR100,3,pure_logits,greedy_5_temp_calibrate_then_pool,5,5,1.6185139417648315,0.87533527696793,1.0,1,0.10980033874511719,65.1603376865387,cnn_experiments_data/arrays/cifar100_3_pure_logits_greedy_5_temp_calibrate_then_pool_2025-11-30.npz
CIFAR100,3,pure_logits,greedy_5_post_calib,5,5,1.5438621044158936,0.949454394002499,0.0,1,0.10980033874511719,130.05691981315613,cnn_experiments_data/arrays/cifar100_3_pure_logits_greedy_5_post_calib_2025-11-30.npz
CIFAR100,4,pure_logits,greedy_5_baseline,5,5,1.6235114336013794,,,,0.13440680503845215,0.0,cnn_experiments_data/arrays/cifar100_4_pure_logits_greedy_5_baseline_2025-11-30.npz
CIFAR100,4,pure_logits,greedy_5_temp_pool_then_calibrate,5,5,1.6004843711853027,0.8510204081632653,,,0.13440680503845215,0.1531813144683838,cnn_experiments_data/arrays/cifar100_4_pure_logits_greedy_5_temp_pool_then_calibrate_2025-11-30.npz
CIFAR100,4,pure_logits,greedy_5_temp_calibrate_then_pool,5,5,1.6182005405426025,0.9098209079550188,1.0,1,0.13440680503845215,68.38752388954163,cnn_experiments_data/arrays/cifar100_4_pure_logits_greedy_5_temp_calibrate_then_pool_2025-11-30.npz
CIFAR100,4,pure_logits,greedy_5_post_calib,5,5,1.533969759941101,0.9808413161182841,0.0,1,0.13440680503845215,133.4065546989441,cnn_experiments_data/arrays/cifar100_4_pure_logits_greedy_5_post_calib_2025-11-30.npz
CIFAR100,5,pure_logits,greedy_5_baseline,5,5,1.6241240501403809,,,,0.11243247985839844,0.0,cnn_experiments_data/arrays/cifar100_5_pure_logits_greedy_5_baseline_2025-11-30.npz
CIFAR100,5,pure_logits,greedy_5_temp_pool_then_calibrate,5,5,1.6011850833892822,0.8510204081632653,,,0.11243247985839844,0.13864588737487793,cnn_experiments_data/arrays/cifar100_5_pure_logits_greedy_5_temp_pool_then_calibrate_2025-11-30.npz
CIFAR100,5,pure_logits,greedy_5_temp_calibrate_then_pool,5,5,1.617504596710205,0.8950270720533111,1.0,1,0.11243247985839844,68.43021583557129,cnn_experiments_data/arrays/cifar100_5_pure_logits_greedy_5_temp_calibrate_then_pool_2025-11-30.npz
CIFAR100,5,pure_logits,greedy_5_post_calib,5,5,1.5418710708618164,0.9651478550603916,0.0,1,0.11243247985839844,135.0054416656494,cnn_experiments_data/arrays/cifar100_5_pure_logits_greedy_5_post_calib_2025-11-30.npz
CIFAR100,6,pure_logits,greedy_5_baseline,5,5,1.601450800895691,,,,0.13192105293273926,0.0,cnn_experiments_data/arrays/cifar100_6_pure_logits_greedy_5_baseline_2025-11-30.npz
CIFAR100,6,pure_logits,greedy_5_temp_pool_then_calibrate,5,5,1.5829441547393799,0.8510204081632653,,,0.13192105293273926,0.1396641731262207,cnn_experiments_data/arrays/cifar100_6_pure_logits_greedy_5_temp_pool_then_calibrate_2025-11-30.npz
CIFAR100,6,pure_logits,greedy_5_temp_calibrate_then_pool,5,5,1.5955945253372192,0.9098209079550188,1.0,1,0.13192105293273926,66.43303775787354,cnn_experiments_data/arrays/cifar100_6_pure_logits_greedy_5_temp_calibrate_then_pool_2025-11-30.npz
CIFAR100,6,pure_logits,greedy_5_post_calib,5,5,1.5395673513412476,0.9729945855893378,0.163265306122449,1,0.13192105293273926,134.03531575202942,cnn_experiments_data/arrays/cifar100_6_pure_logits_greedy_5_post_calib_2025-11-30.npz
CIFAR100,7,pure_logits,greedy_5_baseline,5,5,1.6093212366104126,,,,0.13660383224487305,0.0,cnn_experiments_data/arrays/cifar100_7_pure_logits_greedy_5_baseline_2025-11-30.npz
CIFAR100,7,pure_logits,greedy_5_temp_pool_then_calibrate,5,5,1.5805562734603882,0.8510204081632653,,,0.13660383224487305,0.1460733413696289,cnn_experiments_data/arrays/cifar100_7_pure_logits_greedy_5_temp_pool_then_calibrate_2025-11-30.npz
CIFAR100,7,pure_logits,greedy_5_temp_calibrate_then_pool,5,5,1.598671555519104,0.8802332361516034,1.0,1,0.13660383224487305,67.00864171981812,cnn_experiments_data/arrays/cifar100_7_pure_logits_greedy_5_temp_calibrate_then_pool_2025-11-30.npz
CIFAR100,7,pure_logits,greedy_5_post_calib,5,5,1.5312793254852295,0.949454394002499,0.0,1,0.13660383224487305,130.76377487182617,cnn_experiments_data/arrays/cifar100_7_pure_logits_greedy_5_post_calib_2025-11-30.npz
CIFAR100,8,pure_logits,greedy_5_baseline,5,5,1.6402645111083984,,,,0.13509535789489746,0.0,cnn_experiments_data/arrays/cifar100_8_pure_logits_greedy_5_baseline_2025-11-30.npz
CIFAR100,8,pure_logits,greedy_5_temp_pool_then_calibrate,5,5,1.6207706928253174,0.8510204081632653,,,0.13509535789489746,0.1440272331237793,cnn_experiments_data/arrays/cifar100_8_pure_logits_greedy_5_temp_pool_then_calibrate_2025-11-30.npz
CIFAR100,8,pure_logits,greedy_5_temp_calibrate_then_pool,5,5,1.6358681917190552,0.9098209079550188,1.0,1,0.13509535789489746,68.98721265792847,cnn_experiments_data/arrays/cifar100_8_pure_logits_greedy_5_temp_calibrate_then_pool_2025-11-30.npz
CIFAR100,8,pure_logits,greedy_5_post_calib,5,5,1.5583200454711914,0.9729945855893378,0.0,1,0.13509535789489746,132.38400602340698,cnn_experiments_data/arrays/cifar100_8_pure_logits_greedy_5_post_calib_2025-11-30.npz
CIFAR100,9,pure_logits,greedy_5_baseline,5,5,1.647012710571289,,,,0.12027955055236816,0.0,cnn_experiments_data/arrays/cifar100_9_pure_logits_greedy_5_baseline_2025-11-30.npz
CIFAR100,9,pure_logits,greedy_5_temp_pool_then_calibrate,5,5,1.6277228593826294,0.8510204081632653,,,0.12027955055236816,0.13389277458190918,cnn_experiments_data/arrays/cifar100_9_pure_logits_greedy_5_temp_pool_then_calibrate_2025-11-30.npz
CIFAR100,9,pure_logits,greedy_5_temp_calibrate_then_pool,5,5,1.6424866914749146,0.8802332361516034,1.0,1,0.12027955055236816,67.98098802566528,cnn_experiments_data/arrays/cifar100_9_pure_logits_greedy_5_temp_calibrate_then_pool_2025-11-30.npz
CIFAR100,9,pure_logits,greedy_5_post_calib,5,5,1.571431040763855,0.949454394002499,0.0,1,0.12027955055236816,133.0876612663269,cnn_experiments_data/arrays/cifar100_9_pure_logits_greedy_5_post_calib_2025-11-30.npz
