dataset,split_idx,method,ensemble_type,ensemble_size,ensemble_unique_size,nll_test,c1,c2,epi_scalar,ensemble_time,calibration_time,path,threshold,set_size,auc,aurac,aorac,ece,ece_adaptive,brier_score,conformal_coverage,conformal_set_size
MNIST,0,pure_logits,greedy_5_baseline,5,4,0.030591931194067,,,,1.1776514053344729,0.0,cnn_experiments_data/arrays/mnist_0_pure_logits_greedy_5_baseline_2025-11-30.npz,0.0,1.0,0.9999209985659337,0.9898502430217929,0.01014975697820708,0.00596039037832197,0.00596039037832197,0.014061544163475607,0.991875,1.0
MNIST,0,pure_logits,greedy_5_temp_pool_then_calibrate,5,4,0.0291338451206684,0.8510204081632653,,,1.1776514053344729,0.027888536453247,cnn_experiments_data/arrays/mnist_0_pure_logits_greedy_5_temp_pool_then_calibrate_2025-11-30.npz,0.0,1.0,0.9999210568340418,0.9898508455671922,0.010149154432807839,0.0028603990546294377,0.0028603990546294377,0.013575386181470084,0.991875,1.0
MNIST,0,pure_logits,greedy_5_temp_calibrate_then_pool,5,4,0.0297669954597949,0.8475468554768846,1.0,1.0,1.1776514053344729,5.291286945343018,cnn_experiments_data/arrays/mnist_0_pure_logits_greedy_5_temp_calibrate_then_pool_2025-11-30.npz,0.0,1.0,0.9999199442327752,0.9898450085663314,0.010154991433668603,0.0037165617197752483,0.0037165617197752483,0.013853280822189926,0.9916071428571429,1.0
MNIST,0,pure_logits,greedy_5_post_calib,5,4,0.0278791543096303,1.0121782590587256,0.3365264473136193,1.0,1.1776514053344729,8.663672685623169,cnn_experiments_data/arrays/mnist_0_pure_logits_greedy_5_post_calib_2025-11-30.npz,0.0,1.0,0.9999248039787776,0.9898673842266721,0.010132615773327913,0.0024752088763884228,0.0024752088763884228,0.01315261094848655,0.9922321428571429,1.0
MNIST,1,pure_logits,greedy_5_baseline,5,4,0.0345979407429695,,,,0.0509045124053955,0.0,cnn_experiments_data/arrays/mnist_1_pure_logits_greedy_5_baseline_2025-11-30.npz,0.0,1.0,0.9998845986317993,0.9897080639911499,0.010291936008850144,0.003857114217111042,0.003857114217111042,0.016247858875244922,0.9892857142857143,1.0
MNIST,1,pure_logits,greedy_5_temp_pool_then_calibrate,5,4,0.0341111980378627,0.7959183673469388,,,0.0509045124053955,0.0251791477203369,cnn_experiments_data/arrays/mnist_1_pure_logits_greedy_5_temp_pool_then_calibrate_2025-11-30.npz,0.0,1.0,0.9998851879744999,0.9897119755264394,0.010288024473560586,0.002429531135729346,0.002429531135729346,0.01594814112780746,0.9892857142857143,1.0
MNIST,1,pure_logits,greedy_5_temp_calibrate_then_pool,5,4,0.0345069207251071,0.812161599333611,1.0,1.0,0.0509045124053955,4.254662752151489,cnn_experiments_data/arrays/mnist_1_pure_logits_greedy_5_temp_calibrate_then_pool_2025-11-30.npz,0.0,1.0,0.9998823034126684,0.9897022382160671,0.010297761783932935,0.002137022352644328,0.002137022352644328,0.016125968944774128,0.9892857142857143,1.0
MNIST,1,pure_logits,greedy_5_post_calib,5,4,0.0323186516761779,1.0121782590587256,0.0,1.0,0.0509045124053955,16.337769985198975,cnn_experiments_data/arrays/mnist_1_pure_logits_greedy_5_post_calib_2025-11-30.npz,0.0,1.0,0.9999051035254661,0.9897595750813524,0.010240424918647628,0.0026234590815646815,0.0026234590815646815,0.015732957091746245,0.9896428571428572,1.0
MNIST,2,pure_logits,greedy_5_baseline,5,3,0.0369342416524887,,,,0.0166423320770263,0.0,cnn_experiments_data/arrays/mnist_2_pure_logits_greedy_5_baseline_2025-11-30.npz,0.0,1.0,0.9999001034117716,0.9896840043438068,0.010315995656193233,0.004874784925154321,0.004874784925154321,0.017680135091999963,0.9884821428571429,1.0
MNIST,2,pure_logits,greedy_5_temp_pool_then_calibrate,5,3,0.0363812819123268,0.8510204081632653,,,0.0166423320770263,0.0268163681030273,cnn_experiments_data/arrays/mnist_2_pure_logits_greedy_5_temp_pool_then_calibrate_2025-11-30.npz,0.0,1.0,0.9999002998200549,0.9896800766331885,0.010319923366811534,0.002417794708694712,0.002417794708694712,0.017446032475566406,0.9884821428571429,1.0
MNIST,2,pure_logits,greedy_5_temp_calibrate_then_pool,5,3,0.0368392765522003,0.8614410662224073,1.0,1.0,0.0166423320770263,4.712498664855957,cnn_experiments_data/arrays/mnist_2_pure_logits_greedy_5_temp_calibrate_then_pool_2025-11-30.npz,0.0,1.0,0.9998993143107748,0.9896760874555153,0.010323912544484726,0.003934178888797746,0.003934178888797746,0.017681211481939595,0.9880357142857142,1.0
MNIST,2,pure_logits,greedy_5_post_calib,5,3,0.0341688618063926,1.0038817159516868,0.4231570179092045,1.0,0.0166423320770263,20.12933897972107,cnn_experiments_data/arrays/mnist_2_pure_logits_greedy_5_post_calib_2025-11-30.npz,0.0,1.0,0.9999014016902505,0.9897012737769942,0.01029872622300576,0.0012575093167169103,0.0012575093167169103,0.016499431287798745,0.9890178571428572,1.0
MNIST,3,pure_logits,greedy_5_baseline,5,4,0.0305227804929018,,,,0.0169262886047363,0.0,cnn_experiments_data/arrays/mnist_3_pure_logits_greedy_5_baseline_2025-11-30.npz,0.0,1.0,0.9999384806114111,0.9898523958340338,0.010147604165966162,0.005729232494320213,0.005729232494320213,0.014578540355805594,0.9909821428571428,1.0
MNIST,3,pure_logits,greedy_5_temp_pool_then_calibrate,5,4,0.0288090147078037,0.7959183673469388,,,0.0169262886047363,0.0263838768005371,cnn_experiments_data/arrays/mnist_3_pure_logits_greedy_5_temp_pool_then_calibrate_2025-11-30.npz,0.0,1.0,0.9999385600931122,0.9898515066592634,0.010148493340736642,0.0020138967846120856,0.0020138967846120856,0.014058408756725208,0.9909821428571428,1.0
MNIST,3,pure_logits,greedy_5_temp_calibrate_then_pool,5,4,0.0297685991972684,0.7680299875052061,1.0,1.0,0.0169262886047363,10.08353853225708,cnn_experiments_data/arrays/mnist_3_pure_logits_greedy_5_temp_calibrate_then_pool_2025-11-30.npz,0.0,1.0,0.9999358515730634,0.9898462335837095,0.01015376641629051,0.0026025164255074193,0.0026025164255074193,0.014430913689571676,0.9910714285714286,1.0
MNIST,3,pure_logits,greedy_5_post_calib,5,4,0.0276371054351329,0.9320116618075802,0.5947521865889213,1.0,0.0169262886047363,8.821837902069092,cnn_experiments_data/arrays/mnist_3_pure_logits_greedy_5_post_calib_2025-11-30.npz,0.0,1.0,0.9999433111303879,0.9898679353798204,0.01013206462017957,0.0012010692038706876,0.0012010692038706876,0.013715918225980193,0.9913392857142858,1.0
MNIST,4,pure_logits,greedy_5_baseline,5,4,0.0313353240489959,,,,0.0172648429870605,0.0,cnn_experiments_data/arrays/mnist_4_pure_logits_greedy_5_baseline_2025-11-30.npz,0.0,1.0,0.9999308530601783,0.98982435304983,0.010175646950170036,0.004681768076760376,0.004681768076760376,0.01513063507288281,0.990625,1.0
MNIST,4,pure_logits,greedy_5_temp_pool_then_calibrate,5,4,0.0303436256945133,0.7959183673469388,,,0.0172648429870605,0.0266115665435791,cnn_experiments_data/arrays/mnist_4_pure_logits_greedy_5_temp_pool_then_calibrate_2025-11-30.npz,0.0,1.0,0.9999309693343157,0.9898221691371175,0.010177830862882487,0.002704616518957244,0.002704616518957244,0.014678649861714166,0.990625,1.0
MNIST,4,pure_logits,greedy_5_temp_calibrate_then_pool,5,4,0.030984703451395,0.7991670137442732,1.0,1.0,0.0172648429870605,4.369139671325684,cnn_experiments_data/arrays/mnist_4_pure_logits_greedy_5_temp_calibrate_then_pool_2025-11-30.npz,0.0,1.0,0.999928784973506,0.9898147394397845,0.010185260560215514,0.003024679596935005,0.003024679596935005,0.015033093915600256,0.9904464285714286,1.0
MNIST,4,pure_logits,greedy_5_post_calib,5,4,0.0294795483350753,0.9573011245314452,0.5747605164514785,1.0,0.0172648429870605,13.50652527809143,cnn_experiments_data/arrays/mnist_4_pure_logits_greedy_5_post_calib_2025-11-30.npz,0.0,1.0,0.9999360680520711,0.9898431877727564,0.010156812227243628,0.0016934106158359194,0.0016934106158359194,0.014430242162616362,0.9908928571428571,1.0
MNIST,5,pure_logits,greedy_5_baseline,5,4,0.0346824489533901,,,,0.1117005348205566,0.0,cnn_experiments_data/arrays/mnist_5_pure_logits_greedy_5_baseline_2025-11-30.npz,0.0,1.0,0.999873308316376,0.9897835854389937,0.010216414561006304,0.005565732572759858,0.005565732572759858,0.015458149813043703,0.9905357142857143,1.0
MNIST,5,pure_logits,greedy_5_temp_pool_then_calibrate,5,4,0.0342302694916725,0.7408163265306122,,,0.1117005348205566,0.0266520977020263,cnn_experiments_data/arrays/mnist_5_pure_logits_greedy_5_temp_pool_then_calibrate_2025-11-30.npz,0.0,1.0,0.9998750298351174,0.9897804289943662,0.010219571005633754,0.003181860470345998,0.003181860470345998,0.01488505900161737,0.9905357142857143,1.0
MNIST,5,pure_logits,greedy_5_temp_calibrate_then_pool,5,4,0.0346555151045322,0.7926697209496043,1.0,1.0,0.1117005348205566,4.575105428695679,cnn_experiments_data/arrays/mnist_5_pure_logits_greedy_5_temp_calibrate_then_pool_2025-11-30.npz,0.0,1.0,0.9998718435662534,0.9897743557212021,0.010225644278797907,0.0027396595903804942,0.0027396595903804942,0.015305590495366155,0.990625,1.0
MNIST,5,pure_logits,greedy_5_post_calib,5,4,0.0319365374743938,1.0038817159516868,0.0,1.0,0.1117005348205566,9.71542239189148,cnn_experiments_data/arrays/mnist_5_pure_logits_greedy_5_post_calib_2025-11-30.npz,0.0,1.0,0.9998904350863826,0.9898287668617807,0.010171233138219327,0.0019067561796733325,0.0019067561796733325,0.01450781704180768,0.9907142857142858,1.0
MNIST,6,pure_logits,greedy_5_baseline,5,4,0.0309861470013856,,,,0.0153861045837402,0.0,cnn_experiments_data/arrays/mnist_6_pure_logits_greedy_5_baseline_2025-11-30.npz,0.0,1.0,0.9999161532385795,0.989827416682087,0.010172583317913042,0.005577540768044375,0.005577540768044375,0.014659459095129126,0.9909821428571428,1.0
MNIST,6,pure_logits,greedy_5_temp_pool_then_calibrate,5,4,0.0297034867107868,0.8510204081632653,,,0.0153861045837402,0.0244617462158203,cnn_experiments_data/arrays/mnist_6_pure_logits_greedy_5_temp_pool_then_calibrate_2025-11-30.npz,0.0,1.0,0.9999160887579966,0.9898265129871383,0.010173487012861693,0.0022440546452999364,0.0022440546452999364,0.014251410635019673,0.9909821428571428,1.0
MNIST,6,pure_logits,greedy_5_temp_calibrate_then_pool,5,4,0.030324837192893,0.8405997501041232,1.0,1.0,0.0153861045837402,9.107582807540894,cnn_experiments_data/arrays/mnist_6_pure_logits_greedy_5_temp_calibrate_then_pool_2025-11-30.npz,0.0,1.0,0.9999145469242141,0.989821333267249,0.01017866673275103,0.0031014701638902784,0.0031014701638902784,0.014522757894590517,0.9908928571428571,1.0
MNIST,6,pure_logits,greedy_5_post_calib,5,4,0.0286013707518577,0.9651478550603916,0.5747605164514785,1.0,0.0153861045837402,8.987476110458374,cnn_experiments_data/arrays/mnist_6_pure_logits_greedy_5_post_calib_2025-11-30.npz,0.0,1.0,0.9999208055245651,0.9898391799645092,0.010160820035490792,0.001587197599666421,0.001587197599666421,0.013802460724270762,0.99125,1.0
MNIST,7,pure_logits,greedy_5_baseline,5,4,0.0342251993715763,,,,0.3676505088806152,0.0,cnn_experiments_data/arrays/mnist_7_pure_logits_greedy_5_baseline_2025-11-30.npz,0.0,1.0,0.9999090957413298,0.9897990600805983,0.010200939919401741,0.005789041319063746,0.005789041319063746,0.01607797503057709,0.9905357142857143,1.0
MNIST,7,pure_logits,greedy_5_temp_pool_then_calibrate,5,4,0.0337041430175304,0.7408163265306122,,,0.3676505088806152,0.0263595581054687,cnn_experiments_data/arrays/mnist_7_pure_logits_greedy_5_temp_pool_then_calibrate_2025-11-30.npz,0.0,1.0,0.999910005452105,0.9897968107256694,0.010203189274330615,0.0021859817164285034,0.0021859817164285034,0.015477299729561944,0.9905357142857143,1.0
MNIST,7,pure_logits,greedy_5_temp_calibrate_then_pool,5,4,0.0344183854758739,0.7666805497709288,1.0,1.0,0.3676505088806152,5.308121919631958,cnn_experiments_data/arrays/mnist_7_pure_logits_greedy_5_temp_calibrate_then_pool_2025-11-30.npz,0.0,1.0,0.9999071852157053,0.9897899810017702,0.01021001899822982,0.0037568595537117535,0.0037568595537117535,0.01597021334059365,0.990625,1.0
MNIST,7,pure_logits,greedy_5_post_calib,5,4,0.0315707623958587,0.980841316118284,0.3898375676801333,1.0,0.3676505088806152,9.774395227432253,cnn_experiments_data/arrays/mnist_7_pure_logits_greedy_5_post_calib_2025-11-30.npz,0.0,1.0,0.9999191068203362,0.9898121374210338,0.0101878625789662,0.0017086270451545393,0.0017086270451545393,0.01497363070061533,0.9908035714285715,1.0
MNIST,8,pure_logits,greedy_5_baseline,5,4,0.0310184117406606,,,,0.01664400100708,0.0,cnn_experiments_data/arrays/mnist_8_pure_logits_greedy_5_baseline_2025-11-30.npz,0.0,1.0,0.9999069507414438,0.9898230874643187,0.010176912535681315,0.005214025840163259,0.005214025840163259,0.014291487410290793,0.9910714285714286,1.0
MNIST,8,pure_logits,greedy_5_temp_pool_then_calibrate,5,4,0.0303879920393228,0.9061224489795918,,,0.01664400100708,0.0277502536773681,cnn_experiments_data/arrays/mnist_8_pure_logits_greedy_5_temp_pool_then_calibrate_2025-11-30.npz,0.0,1.0,0.9999074523396596,0.989820145252757,0.010179854747243033,0.0034522312070642473,0.0034522312070642473,0.014056967958536306,0.9910714285714286,1.0
MNIST,8,pure_logits,greedy_5_temp_calibrate_then_pool,5,4,0.0309235230088233,0.9729945855893378,1.0,1.0,0.01664400100708,4.243011713027954,cnn_experiments_data/arrays/mnist_8_pure_logits_greedy_5_temp_calibrate_then_pool_2025-11-30.npz,0.0,1.0,0.9999067730731689,0.9898230655917338,0.01017693440826617,0.004825925846185009,0.004825925846185009,0.014268988296569862,0.9911607142857143,1.0
MNIST,8,pure_logits,greedy_5_post_calib,5,4,0.0285982862114906,1.149521032902957,0.3498542274052478,1.0,0.01664400100708,17.031908750534058,cnn_experiments_data/arrays/mnist_8_pure_logits_greedy_5_post_calib_2025-11-30.npz,0.0,1.0,0.9999227028543919,0.9898267988834345,0.0101732011165655,0.002351272455283617,0.002351272455283617,0.013495631009489386,0.9910714285714286,1.0
MNIST,9,pure_logits,greedy_5_baseline,5,4,0.0390089116990566,,,,0.101330280303955,0.0,cnn_experiments_data/arrays/mnist_9_pure_logits_greedy_5_baseline_2025-11-30.npz,0.0,1.0,0.9998230906516297,0.9897088600669969,0.010291139933003124,0.0038640685294355336,0.0038640685294355336,0.018132654679882634,0.9880357142857142,1.0
MNIST,9,pure_logits,greedy_5_temp_pool_then_calibrate,5,4,0.0387643575668334,0.9061224489795918,,,0.101330280303955,0.0276122093200683,cnn_experiments_data/arrays/mnist_9_pure_logits_greedy_5_temp_pool_then_calibrate_2025-11-30.npz,0.0,1.0,0.9998234979348201,0.9897050418955378,0.010294958104462237,0.001968995185835012,0.001968995185835012,0.01795902405419163,0.9880357142857142,1.0
MNIST,9,pure_logits,greedy_5_temp_calibrate_then_pool,5,4,0.0389932952821254,0.9729945855893378,1.0,1.0,0.101330280303955,13.315594911575316,cnn_experiments_data/arrays/mnist_9_pure_logits_greedy_5_temp_calibrate_then_pool_2025-11-30.npz,0.0,1.0,0.9998230088235005,0.9897065570894463,0.010293442910553674,0.0034852967006820047,0.0034852967006820047,0.018117446098402747,0.9880357142857142,1.0
MNIST,9,pure_logits,greedy_5_post_calib,5,4,0.0368947759270668,1.119533527696793,0.534777176176593,1.0,0.101330280303955,12.027264595031738,cnn_experiments_data/arrays/mnist_9_pure_logits_greedy_5_post_calib_2025-11-30.npz,0.0,1.0,0.9998301430320282,0.9897235428456783,0.010276457154321683,0.0023183331319264347,0.0023183331319264347,0.017533463555172435,0.988125,1.0
FMNIST,0,pure_logits,greedy_5_baseline,5,3,0.2431933283805847,,,,0.5238363742828369,0.0,cnn_experiments_data/arrays/fmnist_0_pure_logits_greedy_5_baseline_2025-11-30.npz,0.667545889382688,1.1202857142857143,0.9945725064530935,0.9776665266300434,0.022333473369956613,0.009732651191098379,0.009732651191098379,0.12697786484832266,0.9375,1.0832142857142857
FMNIST,0,pure_logits,greedy_5_temp_pool_then_calibrate,5,3,0.2427458018064499,0.9612244897959183,,,0.5238363742828369,0.026726484298706,cnn_experiments_data/arrays/fmnist_0_pure_logits_greedy_5_temp_pool_then_calibrate_2025-11-30.npz,0.6920475384471019,1.1279285714285714,0.9945751836377854,0.977665686762931,0.022334313237069026,0.006473791314022854,0.006473791314022854,0.1268308498978823,0.9370535714285714,1.0811607142857143
FMNIST,0,pure_logits,greedy_5_temp_calibrate_then_pool,5,3,0.2428547739982605,0.9651478550603916,1.0,1.0,0.5238363742828369,5.36701250076294,cnn_experiments_data/arrays/fmnist_0_pure_logits_greedy_5_temp_calibrate_then_pool_2025-11-30.npz,0.6920475384471019,1.1289285714285715,0.9945732436067788,0.9776549524645801,0.022345047535419882,0.007707564709442006,0.007707564709442006,0.1268698043467928,0.9374107142857143,1.0822321428571429
FMNIST,0,pure_logits,greedy_5_post_calib,5,3,0.2419111281633377,1.0121782590587256,0.0,1.0,0.5238363742828369,10.389752626419067,cnn_experiments_data/arrays/fmnist_0_pure_logits_greedy_5_post_calib_2025-11-30.npz,0.6920475384471019,1.124,0.9945921840577601,0.977651006287493,0.02234899371250698,0.006467505831803621,0.006467505831803621,0.1264804569044933,0.9355357142857142,1.0769642857142858
FMNIST,1,pure_logits,greedy_5_baseline,5,4,0.2419875264167785,,,,0.0158991813659667,0.0,cnn_experiments_data/arrays/fmnist_1_pure_logits_greedy_5_baseline_2025-11-30.npz,0.667545889382688,1.1275714285714287,0.9945820032511081,0.9775575552945043,0.022442444705495723,0.013579854803425918,0.013579854803425918,0.12740130460170693,0.9499107142857143,1.11375
FMNIST,1,pure_logits,greedy_5_temp_pool_then_calibrate,5,4,0.2408354431390762,0.9061224489795918,,,0.0158991813659667,0.0246107578277587,cnn_experiments_data/arrays/fmnist_1_pure_logits_greedy_5_temp_pool_then_calibrate_2025-11-30.npz,0.6920475384471019,1.1255714285714287,0.9945851518896858,0.9775444086567213,0.02245559134327868,0.004632241877062014,0.004632241877062014,0.1269337329238058,0.9490178571428571,1.1085714285714285
FMNIST,1,pure_logits,greedy_5_temp_calibrate_then_pool,5,4,0.2412272840738296,0.9320116618075802,1.0,1.0,0.0158991813659667,5.221172332763672,cnn_experiments_data/arrays/fmnist_1_pure_logits_greedy_5_temp_calibrate_then_pool_2025-11-30.npz,0.667545889382688,1.1178571428571429,0.9945776216770247,0.9775590942141827,0.022440905785817256,0.007986793549997496,0.007986793549997496,0.1271423323275056,0.9494642857142858,1.1101785714285715
FMNIST,1,pure_logits,greedy_5_post_calib,5,4,0.2388682663440704,1.020474802165764,0.0,1.0,0.0158991813659667,10.954270839691162,cnn_experiments_data/arrays/fmnist_1_pure_logits_greedy_5_post_calib_2025-11-30.npz,0.6920475384471019,1.1255714285714287,0.9946461457466732,0.9776217985734543,0.022378201426545674,0.00393297637360437,0.00393297637360437,0.12627520853641916,0.9508035714285714,1.1138392857142858
FMNIST,2,pure_logits,greedy_5_baseline,5,4,0.2383154481649398,,,,0.0168349742889404,0.0,cnn_experiments_data/arrays/fmnist_2_pure_logits_greedy_5_baseline_2025-11-30.npz,0.667545889382688,1.1250714285714285,0.9946982055655044,0.9779346636294927,0.022065336370507338,0.014814017229846517,0.014814017229846517,0.1248621390443749,0.9555357142857143,1.1342857142857143
FMNIST,2,pure_logits,greedy_5_temp_pool_then_calibrate,5,4,0.2365209460258484,0.9061224489795918,,,0.0168349742889404,0.0264384746551513,cnn_experiments_data/arrays/fmnist_2_pure_logits_greedy_5_temp_pool_then_calibrate_2025-11-30.npz,0.6920475384471019,1.1240714285714286,0.994703793088562,0.9779409078076609,0.022059092192339147,0.005971633322536922,0.005971633322536922,0.12420314076974127,0.9554464285714286,1.1321428571428571
FMNIST,2,pure_logits,greedy_5_temp_calibrate_then_pool,5,4,0.2369478791952133,0.8950270720533111,1.0,1.0,0.0168349742889404,6.008971452713013,cnn_experiments_data/arrays/fmnist_2_pure_logits_greedy_5_temp_calibrate_then_pool_2025-11-30.npz,0.6920475384471019,1.1260714285714286,0.9946890172233458,0.9779163913070015,0.022083608692998524,0.0065158262614692705,0.0065158262614692705,0.12437604852080635,0.9554464285714286,1.1320535714285713
FMNIST,2,pure_logits,greedy_5_post_calib,5,4,0.2353442758321762,0.9651478550603916,0.3731778425655977,1.0,0.0168349742889404,10.143801212310793,cnn_experiments_data/arrays/fmnist_2_pure_logits_greedy_5_post_calib_2025-11-30.npz,0.6920475384471019,1.1183571428571428,0.9947586017558855,0.9779874642905982,0.02201253570940176,0.005022971915347269,0.005022971915347269,0.12372415607835374,0.9569642857142857,1.1376785714285715
FMNIST,3,pure_logits,greedy_5_baseline,5,3,0.2306180298328399,,,,0.0170865058898925,0.0,cnn_experiments_data/arrays/fmnist_3_pure_logits_greedy_5_baseline_2025-11-30.npz,0.6125392081841498,1.0967857142857143,0.9950024713278223,0.9790178764896373,0.02098212351036266,0.0220549320919173,0.0220549320919173,0.12003614519773355,0.950625,1.0963392857142857
FMNIST,3,pure_logits,greedy_5_temp_pool_then_calibrate,5,3,0.2272385656833648,0.9061224489795918,,,0.0170865058898925,0.0259783267974853,cnn_experiments_data/arrays/fmnist_3_pure_logits_greedy_5_temp_pool_then_calibrate_2025-11-30.npz,0.641094813436448,1.099,0.9950174035213388,0.9790237596164184,0.02097624038358159,0.01151893548241684,0.01151893548241684,0.11887305713091918,0.9505357142857143,1.0961607142857144
FMNIST,3,pure_logits,greedy_5_temp_calibrate_then_pool,5,3,0.2274691611528396,0.8802332361516034,1.0,1.0,0.0170865058898925,9.512478590011597,cnn_experiments_data/arrays/fmnist_3_pure_logits_greedy_5_temp_calibrate_then_pool_2025-11-30.npz,0.641094813436448,1.0992857142857142,0.9950058558538064,0.9789935235962727,0.021006476403727325,0.011149758032390055,0.011149758032390055,0.11900726402872787,0.95125,1.0976785714285715
FMNIST,3,pure_logits,greedy_5_post_calib,5,3,0.2256902605295181,0.949454394002499,0.2448979591836734,1.0,0.0170865058898925,11.563169240951538,cnn_experiments_data/arrays/fmnist_3_pure_logits_greedy_5_post_calib_2025-11-30.npz,0.667545889382688,1.1038571428571429,0.9950435527179208,0.9790820927741615,0.020917907225838528,0.008278165949242423,0.008278165949242423,0.11808088666858231,0.9498214285714286,1.0930357142857143
FMNIST,4,pure_logits,greedy_5_baseline,5,3,0.2408415377140045,,,,0.0145440101623535,0.0,cnn_experiments_data/arrays/fmnist_4_pure_logits_greedy_5_baseline_2025-11-30.npz,0.667545889382688,1.1315714285714287,0.9945906404433833,0.9778682521972021,0.02213174780279792,0.01834559996851853,0.01834559996851853,0.126350362033629,0.9547321428571428,1.1241071428571427
FMNIST,4,pure_logits,greedy_5_temp_pool_then_calibrate,5,3,0.2379139959812164,0.8510204081632653,,,0.0145440101623535,0.0233006477355957,cnn_experiments_data/arrays/fmnist_4_pure_logits_greedy_5_temp_pool_then_calibrate_2025-11-30.npz,0.6920475384471019,1.1185714285714285,0.9945986427224938,0.9778666595250063,0.022133340474993712,0.00614485111087565,0.00614485111087565,0.12560393622781288,0.9545535714285714,1.1224107142857143
FMNIST,4,pure_logits,greedy_5_temp_calibrate_then_pool,5,3,0.2385346889495849,0.8336526447313619,1.0,1.0,0.0145440101623535,5.5378618240356445,cnn_experiments_data/arrays/fmnist_4_pure_logits_greedy_5_temp_calibrate_then_pool_2025-11-30.npz,0.6920475384471019,1.122,0.9945854745620762,0.9778205385581034,0.022179461441896642,0.006453955801469967,0.006453955801469967,0.1258150426489409,0.9554464285714286,1.1261607142857142
FMNIST,4,pure_logits,greedy_5_post_calib,5,3,0.2363937348127365,0.902423990004165,0.0,1.0,0.0145440101623535,14.748522996902466,cnn_experiments_data/arrays/fmnist_4_pure_logits_greedy_5_post_calib_2025-11-30.npz,0.7147434321073759,1.125357142857143,0.9946160843178976,0.9779559311613226,0.022044068838677378,0.007304328953581166,0.007304328953581166,0.12512541747658665,0.9534821428571428,1.118125
FMNIST,5,pure_logits,greedy_5_baseline,5,4,0.2329870611429214,,,,0.0273010730743408,0.0,cnn_experiments_data/arrays/fmnist_5_pure_logits_greedy_5_baseline_2025-11-30.npz,0.641094813436448,1.1148571428571428,0.9949355057304781,0.978222176658785,0.02177782334121503,0.020184127007211995,0.020184127007211995,0.12276312095642347,0.9547321428571428,1.1151785714285714
FMNIST,5,pure_logits,greedy_5_temp_pool_then_calibrate,5,4,0.2286020368337631,0.8510204081632653,,,0.0273010730743408,0.0274925231933593,cnn_experiments_data/arrays/fmnist_5_pure_logits_greedy_5_temp_pool_then_calibrate_2025-11-30.npz,0.667545889382688,1.1059285714285714,0.9949492435995261,0.978220699222182,0.021779300777817978,0.005372270430837343,0.005372270430837343,0.12139291147293409,0.9550892857142858,1.1140178571428572
FMNIST,5,pure_logits,greedy_5_temp_calibrate_then_pool,5,4,0.2295720875263214,0.87533527696793,1.0,1.0,0.0273010730743408,5.446417331695557,cnn_experiments_data/arrays/fmnist_5_pure_logits_greedy_5_temp_calibrate_then_pool_2025-11-30.npz,0.667545889382688,1.115,0.9949334333687766,0.9781946471324012,0.02180535286759877,0.009033761948347077,0.009033761948347077,0.12180948209360665,0.9554464285714286,1.1163392857142858
FMNIST,5,pure_logits,greedy_5_post_calib,5,4,0.2278998792171478,0.9573011245314452,0.3765097875885048,1.0,0.0273010730743408,12.04090929031372,cnn_experiments_data/arrays/fmnist_5_pure_logits_greedy_5_post_calib_2025-11-30.npz,0.667545889382688,1.1065,0.9949800308684941,0.9783637208273286,0.021636279172671413,0.005651297522442703,0.005651297522442703,0.12099395602842969,0.9545535714285714,1.1134821428571429
FMNIST,6,pure_logits,greedy_5_baseline,5,5,0.239434078335762,,,,0.0171973705291748,0.0,cnn_experiments_data/arrays/fmnist_6_pure_logits_greedy_5_baseline_2025-11-30.npz,0.641094813436448,1.1227857142857143,0.9946842347897433,0.9783036731931342,0.02169632680686584,0.023404779835471064,0.023404779835471064,0.12495990748666325,0.95,1.1054464285714285
FMNIST,6,pure_logits,greedy_5_temp_pool_then_calibrate,5,5,0.2346341013908386,0.8510204081632653,,,0.0171973705291748,0.0283339023590087,cnn_experiments_data/arrays/fmnist_6_pure_logits_greedy_5_temp_pool_then_calibrate_2025-11-30.npz,0.667545889382688,1.1131428571428572,0.9947017053562697,0.9783056422205422,0.02169435777945783,0.00834383061528204,0.00834383061528204,0.1232797481309391,0.9509821428571429,1.1083035714285714
FMNIST,6,pure_logits,greedy_5_temp_calibrate_then_pool,5,5,0.2358559519052505,0.8614410662224073,1.0,1.0,0.0171973705291748,5.106978178024292,cnn_experiments_data/arrays/fmnist_6_pure_logits_greedy_5_temp_calibrate_then_pool_2025-11-30.npz,0.641094813436448,1.105357142857143,0.9946788318037042,0.9782612172728327,0.02173878272716734,0.012452645195381995,0.012452645195381995,0.12376810505910563,0.9499107142857143,1.104375
FMNIST,6,pure_logits,greedy_5_post_calib,5,5,0.2328535169363021,0.9729945855893378,0.1749271137026239,1.0,0.0171973705291748,12.064634561538696,cnn_experiments_data/arrays/fmnist_6_pure_logits_greedy_5_post_calib_2025-11-30.npz,0.667545889382688,1.1127857142857143,0.9947419065730013,0.9783243065664281,0.021675693433571896,0.00646563778179034,0.00646563778179034,0.12282322818891846,0.9513392857142857,1.1089285714285715
FMNIST,7,pure_logits,greedy_5_baseline,5,4,0.231028601527214,,,,0.017906904220581,0.0,cnn_experiments_data/arrays/fmnist_7_pure_logits_greedy_5_baseline_2025-11-30.npz,0.641094813436448,1.105357142857143,0.994882240862745,0.978648003468989,0.021351996531011053,0.015633425346442596,0.015633425346442596,0.12036901396206862,0.9523214285714285,1.1079464285714287
FMNIST,7,pure_logits,greedy_5_temp_pool_then_calibrate,5,4,0.2291351556777954,0.9061224489795918,,,0.017906904220581,0.0292503833770751,cnn_experiments_data/arrays/fmnist_7_pure_logits_greedy_5_temp_pool_then_calibrate_2025-11-30.npz,0.667545889382688,1.1072857142857142,0.9948827905783547,0.9786462703948059,0.021353729605194105,0.006935393122690081,0.006935393122690081,0.11969267545563496,0.9528571428571428,1.1098214285714285
FMNIST,7,pure_logits,greedy_5_temp_calibrate_then_pool,5,4,0.229452982544899,0.8950270720533111,1.0,1.0,0.017906904220581,7.729004383087158,cnn_experiments_data/arrays/fmnist_7_pure_logits_greedy_5_temp_calibrate_then_pool_2025-11-30.npz,0.667545889382688,1.108142857142857,0.994870924402489,0.9786304629177178,0.021369537082282175,0.0076976351823125145,0.0076976351823125145,0.11978370316369218,0.9519642857142857,1.1066964285714285
FMNIST,7,pure_logits,greedy_5_post_calib,5,4,0.22830531001091,0.9729945855893378,0.2182423990004165,1.0,0.017906904220581,10.51147174835205,cnn_experiments_data/arrays/fmnist_7_pure_logits_greedy_5_post_calib_2025-11-30.npz,0.667545889382688,1.1015,0.9949304343378126,0.9787192487570293,0.021280751242970686,0.005669922315648602,0.005669922315648602,0.11956400769025469,0.9516071428571429,1.1047321428571428
FMNIST,8,pure_logits,greedy_5_baseline,5,5,0.2407306134700775,,,,0.0182745456695556,0.0,cnn_experiments_data/arrays/fmnist_8_pure_logits_greedy_5_baseline_2025-11-30.npz,0.641094813436448,1.1179285714285714,0.9944659995008289,0.9775951752711661,0.022404824728833872,0.018353492953947628,0.018353492953947628,0.12644247184740837,0.9463392857142857,1.1042857142857143
FMNIST,8,pure_logits,greedy_5_temp_pool_then_calibrate,5,5,0.2375959753990173,0.8510204081632653,,,0.0182745456695556,0.0269293785095214,cnn_experiments_data/arrays/fmnist_8_pure_logits_greedy_5_temp_pool_then_calibrate_2025-11-30.npz,0.6920475384471019,1.1237142857142857,0.9944751316294568,0.9776261940048409,0.022373805995159146,0.004152348431093381,0.004152348431093381,0.1253402697992109,0.9450892857142857,1.0983928571428572
FMNIST,8,pure_logits,greedy_5_temp_calibrate_then_pool,5,5,0.2379803359508514,0.8614410662224073,1.0,1.0,0.0182745456695556,5.349544763565064,cnn_experiments_data/arrays/fmnist_8_pure_logits_greedy_5_temp_calibrate_then_pool_2025-11-30.npz,0.667545889382688,1.1162142857142856,0.994464958817962,0.9775910545697128,0.022408945430287153,0.005937228700944348,0.005937228700944348,0.12557169772759288,0.9453571428571429,1.098482142857143
FMNIST,8,pure_logits,greedy_5_post_calib,5,5,0.2371939867734909,0.949454394002499,0.2448979591836734,1.0,0.0182745456695556,10.2090265750885,cnn_experiments_data/arrays/fmnist_8_pure_logits_greedy_5_post_calib_2025-11-30.npz,0.6920475384471019,1.1237142857142857,0.9944705589771077,0.9776316299960583,0.02236837000394165,0.0037562137969902607,0.0037562137969902607,0.12505441250808852,0.9469642857142857,1.10375
FMNIST,9,pure_logits,greedy_5_baseline,5,4,0.2347074300050735,,,,0.0164263248443603,0.0,cnn_experiments_data/arrays/fmnist_9_pure_logits_greedy_5_baseline_2025-11-30.npz,0.641094813436448,1.113,0.9948802986055709,0.9786140870112098,0.021385912988790223,0.0198445578813553,0.0198445578813553,0.12264740279563056,0.9457142857142857,1.09375
FMNIST,9,pure_logits,greedy_5_temp_pool_then_calibrate,5,4,0.2313964813947677,0.8510204081632653,,,0.0164263248443603,0.0253751277923584,cnn_experiments_data/arrays/fmnist_9_pure_logits_greedy_5_temp_pool_then_calibrate_2025-11-30.npz,0.667545889382688,1.1058571428571429,0.994893654369509,0.9786058722407457,0.02139412775925431,0.003909040140254137,0.003909040140254137,0.12144182899194902,0.9465178571428572,1.0958928571428572
FMNIST,9,pure_logits,greedy_5_temp_calibrate_then_pool,5,4,0.2318324446678161,0.8614410662224073,1.0,1.0,0.0164263248443603,5.784407615661621,cnn_experiments_data/arrays/fmnist_9_pure_logits_greedy_5_temp_calibrate_then_pool_2025-11-30.npz,0.667545889382688,1.1115714285714287,0.9948850189545091,0.978608761806684,0.02139123819331601,0.006782629464353819,0.006782629464353819,0.12164894903774302,0.9467857142857142,1.0972321428571428
FMNIST,9,pure_logits,greedy_5_post_calib,5,4,0.2306791394948959,0.9246147438567264,0.4897959183673469,1.0,0.0164263248443603,10.93205451965332,cnn_experiments_data/arrays/fmnist_9_pure_logits_greedy_5_post_calib_2025-11-30.npz,0.667545889382688,1.1059285714285714,0.9949010350706716,0.978562275385836,0.021437724614164044,0.005696088601435899,0.005696088601435899,0.12130937594374275,0.9464285714285714,1.095357142857143
CIFAR,0,pure_logits,greedy_5_baseline,5,4,0.4801318347454071,,,,0.0164370536804199,0.0,cnn_experiments_data/arrays/cifar_0_pure_logits_greedy_5_baseline_2025-11-30.npz,0.8198030279250543,1.6296666666666666,0.9852972274801365,0.9535039728731262,0.04649602712687384,0.034511341256399944,0.034511341256399944,0.2322335595645596,0.9467708333333333,1.5855208333333333
CIFAR,0,pure_logits,greedy_5_temp_pool_then_calibrate,5,4,0.4780862331390381,0.8510204081632653,,,0.0164370536804199,0.0247807502746582,cnn_experiments_data/arrays/cifar_0_pure_logits_greedy_5_temp_pool_then_calibrate_2025-11-30.npz,0.8673352997658349,1.6361666666666668,0.9853636618378363,0.953449312435468,0.046550687564531956,0.017008999762435743,0.017008999762435743,0.2294146793689071,0.9458333333333333,1.5705208333333334
CIFAR,0,pure_logits,greedy_5_temp_calibrate_then_pool,5,4,0.4802664518356323,0.9337609329446064,1.0,1.0,0.0164370536804199,4.653306007385254,cnn_experiments_data/arrays/cifar_0_pure_logits_greedy_5_temp_calibrate_then_pool_2025-11-30.npz,0.8330834261251312,1.63225,0.9852345541030259,0.9533190018606742,0.0466809981393258,0.027179582777122627,0.027179582777122627,0.23182898505429994,0.9466666666666667,1.5840625
CIFAR,0,pure_logits,greedy_5_post_calib,5,4,0.459880381822586,1.094344023323615,0.2448979591836734,1.0,0.0164370536804199,10.128378629684448,cnn_experiments_data/arrays/cifar_0_pure_logits_greedy_5_post_calib_2025-11-30.npz,0.8567800864319911,1.5850833333333334,0.9861159615848688,0.9548465355732465,0.0451534644267535,0.00890361427639922,0.00890361427639922,0.22415233119596448,0.9484375,1.5570833333333334
CIFAR,1,pure_logits,greedy_5_baseline,5,5,0.4473716914653778,,,,0.0155308246612548,0.0,cnn_experiments_data/arrays/cifar_1_pure_logits_greedy_5_baseline_2025-11-30.npz,0.7732790927180688,1.5175833333333333,0.9870471099851631,0.9583370584684536,0.04166294153154637,0.049564166518549134,0.049564166518549134,0.21717205292649275,0.9559375,1.5602083333333334
CIFAR,1,pure_logits,greedy_5_temp_pool_then_calibrate,5,5,0.4368791580200195,0.7959183673469388,,,0.0155308246612548,0.021451711654663,cnn_experiments_data/arrays/cifar_1_pure_logits_greedy_5_temp_pool_then_calibrate_2025-11-30.npz,0.8330834261251312,1.4948333333333332,0.987164358575605,0.9583809843230421,0.041619015676957916,0.013630105475584683,0.013630105475584683,0.21151708611144113,0.9555208333333334,1.5401041666666666
CIFAR,1,pure_logits,greedy_5_temp_calibrate_then_pool,5,5,0.4452615082263946,0.8876301541024573,1.0,1.0,0.0155308246612548,4.707743883132935,cnn_experiments_data/arrays/cifar_1_pure_logits_greedy_5_temp_calibrate_then_pool_2025-11-30.npz,0.7899882743115003,1.5104166666666667,0.9869210364347968,0.9581523004396564,0.04184769956034362,0.03780606098100543,0.03780606098100543,0.21606708674600528,0.9546875,1.551875
CIFAR,1,pure_logits,greedy_5_post_calib,5,5,0.4185636937618255,1.075801749271137,0.1699291961682632,1.0,0.0155308246612548,11.65662670135498,cnn_experiments_data/arrays/cifar_1_pure_logits_greedy_5_post_calib_2025-11-30.npz,0.8330834261251312,1.46825,0.9880998201481533,0.9595191435575263,0.04048085644247368,0.007252095479518162,0.007252095479518162,0.20792543599194097,0.9559375,1.509375
CIFAR,2,pure_logits,greedy_5_baseline,5,4,0.4622476696968078,,,,0.0180821418762207,0.0,cnn_experiments_data/arrays/cifar_2_pure_logits_greedy_5_baseline_2025-11-30.npz,0.7899882743115003,1.56025,0.9864596129510096,0.9572823894975688,0.04271761050243117,0.050974411999185884,0.050974411999185884,0.22267145521800952,0.9463541666666667,1.5085416666666667
CIFAR,2,pure_logits,greedy_5_temp_pool_then_calibrate,5,4,0.4533721208572387,0.7959183673469388,,,0.0180821418762207,0.0284125804901123,cnn_experiments_data/arrays/cifar_2_pure_logits_greedy_5_temp_pool_then_calibrate_2025-11-30.npz,0.8453850677216884,1.5308333333333333,0.9865916937586116,0.9572920551161507,0.042707944883849325,0.012806466810405231,0.012806466810405231,0.21714137216696328,0.9492708333333333,1.5111458333333334
CIFAR,2,pure_logits,greedy_5_temp_calibrate_then_pool,5,4,0.4597862064838409,0.8683881715951687,1.0,1.0,0.0180821418762207,4.521759271621704,cnn_experiments_data/arrays/cifar_2_pure_logits_greedy_5_temp_calibrate_then_pool_2025-11-30.npz,0.8198030279250543,1.5726666666666667,0.986358319323403,0.956938002210413,0.04306199778958697,0.03395884784683585,0.03395884784683585,0.2212466850559548,0.9495833333333333,1.5365625
CIFAR,2,pure_logits,greedy_5_post_calib,5,4,0.4353217780590057,1.0121782590587256,0.2432319866722199,1.0,0.0180821418762207,9.621597528457642,cnn_experiments_data/arrays/cifar_2_pure_logits_greedy_5_post_calib_2025-11-30.npz,0.8453850677216884,1.51925,0.987364143118975,0.9585962423206809,0.04140375767931914,0.006054624689122057,0.006054624689122057,0.21216021133246318,0.949375,1.4809375
CIFAR,3,pure_logits,greedy_5_baseline,5,5,0.4744132161140442,,,,0.0142552852630615,0.0,cnn_experiments_data/arrays/cifar_3_pure_logits_greedy_5_baseline_2025-11-30.npz,0.7899882743115003,1.5973333333333333,0.9862740602197976,0.9555946911961125,0.04440530880388749,0.055728161128858755,0.055728161128858755,0.2296548559117646,0.9455208333333334,1.5472916666666667
CIFAR,3,pure_logits,greedy_5_temp_pool_then_calibrate,5,5,0.4625801742076874,0.7959183673469388,,,0.0142552852630615,0.0219175815582275,cnn_experiments_data/arrays/cifar_3_pure_logits_greedy_5_temp_pool_then_calibrate_2025-11-30.npz,0.8453850677216884,1.5654166666666667,0.9863985538528596,0.955676970264258,0.04432302973574198,0.016397364461173593,0.016397364461173593,0.2231185418349199,0.9465625,1.5414583333333334
CIFAR,3,pure_logits,greedy_5_temp_calibrate_then_pool,5,5,0.472245842218399,0.854493960849646,1.0,1.0,0.0142552852630615,4.098713874816895,cnn_experiments_data/arrays/cifar_3_pure_logits_greedy_5_temp_calibrate_then_pool_2025-11-30.npz,0.8198030279250543,1.61425,0.9860864031434152,0.9551807027990068,0.0448192972009932,0.0399212775826454,0.0399212775826454,0.2282079696583333,0.9444791666666666,1.5515625
CIFAR,3,pure_logits,greedy_5_post_calib,5,5,0.4424954950809479,1.0583090379008746,0.0,1.0,0.0142552852630615,9.075127363204956,cnn_experiments_data/arrays/cifar_3_pure_logits_greedy_5_post_calib_2025-11-30.npz,0.8567800864319911,1.5413333333333334,0.9874429771600974,0.9571443950473945,0.04285560495260554,0.008191887435813717,0.008191887435813717,0.21868235496091992,0.9446875,1.4839583333333333
CIFAR,4,pure_logits,greedy_5_baseline,5,5,0.4572122395038605,,,,1.7329528331756592,0.0,cnn_experiments_data/arrays/cifar_4_pure_logits_greedy_5_baseline_2025-11-30.npz,0.7732790927180688,1.5294166666666666,0.9870761994131401,0.9580316962388613,0.04196830376113869,0.05613051503896715,0.05613051503896715,0.21847392608438138,0.9578125,1.59125
CIFAR,4,pure_logits,greedy_5_temp_pool_then_calibrate,5,5,0.4452548921108246,0.7959183673469388,,,1.7329528331756592,1.9333195686340328,cnn_experiments_data/arrays/cifar_4_pure_logits_greedy_5_temp_pool_then_calibrate_2025-11-30.npz,0.8453850677216884,1.5399166666666666,0.9872081957426362,0.9580695897345681,0.04193041026543187,0.016425743289291875,0.016425743289291875,0.21156325792479605,0.9576041666666667,1.5828125
CIFAR,4,pure_logits,greedy_5_temp_calibrate_then_pool,5,5,0.4545066058635711,0.8614410662224073,1.0,1.0,1.7329528331756592,5.507111310958862,cnn_experiments_data/arrays/cifar_4_pure_logits_greedy_5_temp_calibrate_then_pool_2025-11-30.npz,0.8054660002228358,1.55175,0.9869493453941658,0.9577369329272768,0.042263067072723204,0.04026416577895484,0.04026416577895484,0.2167270034823604,0.9592708333333333,1.6371875
CIFAR,4,pure_logits,greedy_5_post_calib,5,5,0.4249272346496582,1.0583090379008746,0.0,1.0,1.7329528331756592,11.767098903656006,cnn_experiments_data/arrays/cifar_4_pure_logits_greedy_5_post_calib_2025-11-30.npz,0.8453850677216884,1.5108333333333333,0.9879796731896455,0.9594019403628131,0.04059805963718688,0.006406593460589616,0.006406593460589616,0.20660392610787684,0.9597916666666667,1.5536458333333334
CIFAR,5,pure_logits,greedy_5_baseline,5,5,0.4630910158157348,,,,0.0137915611267089,0.0,cnn_experiments_data/arrays/cifar_5_pure_logits_greedy_5_baseline_2025-11-30.npz,0.7899882743115003,1.5795,0.9868392491278097,0.957714820574782,0.042285179425218034,0.05509652959555389,0.05509652959555389,0.22296208320529104,0.944375,1.4908333333333332
CIFAR,5,pure_logits,greedy_5_temp_pool_then_calibrate,5,5,0.4528700709342956,0.8510204081632653,,,0.0137915611267089,0.0218913555145263,cnn_experiments_data/arrays/cifar_5_pure_logits_greedy_5_temp_pool_then_calibrate_2025-11-30.npz,0.8330834261251312,1.567,0.9869660867546525,0.9576561644085257,0.042343835591474255,0.028121651946256543,0.028121651946256543,0.21755803840548082,0.9447916666666667,1.4842708333333334
CIFAR,5,pure_logits,greedy_5_temp_calibrate_then_pool,5,5,0.4617373049259186,0.9337609329446064,1.0,1.0,0.0137915611267089,4.455533504486084,cnn_experiments_data/arrays/cifar_5_pure_logits_greedy_5_temp_calibrate_then_pool_2025-11-30.npz,0.7899882743115003,1.554,0.9867833390209431,0.9575369130173055,0.04246308698269452,0.048315456104775265,0.048315456104775265,0.22220754875977516,0.9448958333333334,1.4996875
CIFAR,5,pure_logits,greedy_5_post_calib,5,5,0.4245449900627136,1.1311286963765097,0.0,1.0,0.0137915611267089,9.555095672607422,cnn_experiments_data/arrays/cifar_5_pure_logits_greedy_5_post_calib_2025-11-30.npz,0.8330834261251312,1.503,0.9879944103091374,0.9591148852397164,0.04088511476028356,0.009291242605696118,0.009291242605696118,0.20905231156202536,0.9417708333333333,1.4205208333333332
CIFAR,6,pure_logits,greedy_5_baseline,5,5,0.4605192840099334,,,,0.0141208171844482,0.0,cnn_experiments_data/arrays/cifar_6_pure_logits_greedy_5_baseline_2025-11-30.npz,0.8054660002228358,1.59425,0.9862241357890571,0.9573131146335456,0.042686885366454375,0.045004360554118966,0.045004360554118966,0.22128150389867013,0.9526041666666667,1.5914583333333334
CIFAR,6,pure_logits,greedy_5_temp_pool_then_calibrate,5,5,0.4535734951496124,0.7959183673469388,,,0.0141208171844482,0.0227737426757812,cnn_experiments_data/arrays/cifar_6_pure_logits_greedy_5_temp_pool_then_calibrate_2025-11-30.npz,0.8673352997658349,1.5833333333333333,0.9863581794462043,0.9573162977233476,0.04268370227665241,0.010093260248502073,0.010093260248502073,0.2162134682657884,0.9548958333333334,1.6067708333333333
CIFAR,6,pure_logits,greedy_5_temp_calibrate_then_pool,5,5,0.4595918655395508,0.8876301541024573,1.0,1.0,0.0141208171844482,4.156012058258057,cnn_experiments_data/arrays/cifar_6_pure_logits_greedy_5_temp_calibrate_then_pool_2025-11-30.npz,0.8330834261251312,1.61975,0.9861151561415342,0.9570630391800911,0.04293696081990894,0.03281803783774375,0.03281803783774375,0.22032033237264084,0.953125,1.6116666666666666
CIFAR,6,pure_logits,greedy_5_post_calib,5,5,0.4305661618709564,1.075801749271137,0.0,1.0,0.0141208171844482,11.192179918289185,cnn_experiments_data/arrays/cifar_6_pure_logits_greedy_5_post_calib_2025-11-30.npz,0.8453850677216884,1.505,0.9873071166610353,0.958806788703609,0.041193211296390975,0.0054519095594684494,0.0054519095594684494,0.21102863525935073,0.95375,1.50625
CIFAR,7,pure_logits,greedy_5_baseline,5,4,0.4663928151130676,,,,0.7318694591522217,0.0,cnn_experiments_data/arrays/cifar_7_pure_logits_greedy_5_baseline_2025-11-30.npz,0.8054660002228358,1.5883333333333334,0.9859090460341235,0.9552868134853674,0.04471318651463263,0.04208477958540124,0.04208477958540124,0.22519354974255626,0.9526041666666667,1.5690625
CIFAR,7,pure_logits,greedy_5_temp_pool_then_calibrate,5,4,0.4609658718109131,0.8510204081632653,,,0.7318694591522217,0.0220355987548828,cnn_experiments_data/arrays/cifar_7_pure_logits_greedy_5_temp_pool_then_calibrate_2025-11-30.npz,0.8453850677216884,1.5649166666666667,0.9859899057500371,0.955289111962704,0.04471088803729595,0.015428950726985934,0.015428950726985934,0.22139251757934422,0.9509375,1.5588541666666667
CIFAR,7,pure_logits,greedy_5_temp_calibrate_then_pool,5,4,0.465480238199234,0.9246147438567264,1.0,1.0,0.7318694591522217,4.6917643547058105,cnn_experiments_data/arrays/cifar_7_pure_logits_greedy_5_temp_calibrate_then_pool_2025-11-30.npz,0.8198030279250543,1.5869166666666668,0.9858539450871863,0.9551051486791576,0.044894851320842366,0.03302801260848839,0.03302801260848839,0.22443747248922635,0.9516666666666667,1.56375
CIFAR,7,pure_logits,greedy_5_post_calib,5,4,0.4429761171340942,1.075801749271137,0.2448979591836734,1.0,0.7318694591522217,10.55334186553955,cnn_experiments_data/arrays/cifar_7_pure_logits_greedy_5_post_calib_2025-11-30.npz,0.8453850677216884,1.5455,0.98672749782588,0.9568964680782269,0.043103531921773075,0.007271691625316937,0.007271691625316937,0.21588269844940652,0.9523958333333333,1.5388541666666666
CIFAR,8,pure_logits,greedy_5_baseline,5,4,0.4734287559986114,,,,1.778339147567749,0.0,cnn_experiments_data/arrays/cifar_8_pure_logits_greedy_5_baseline_2025-11-30.npz,0.8054660002228358,1.6070833333333334,0.9860442943906567,0.9551916325415608,0.04480836745843919,0.04222519114489358,0.04222519114489358,0.2278728670737709,0.9551041666666666,1.6486458333333334
CIFAR,8,pure_logits,greedy_5_temp_pool_then_calibrate,5,4,0.4674632847309112,0.8510204081632653,,,1.778339147567749,0.0239355564117431,cnn_experiments_data/arrays/cifar_8_pure_logits_greedy_5_temp_pool_then_calibrate_2025-11-30.npz,0.8567800864319911,1.6201666666666668,0.986116236783691,0.9552230909529535,0.044776909047046454,0.01578318558260796,0.01578318558260796,0.22405022874369956,0.9536458333333333,1.6184375
CIFAR,8,pure_logits,greedy_5_temp_calibrate_then_pool,5,4,0.4729200899600982,0.949454394002499,1.0,1.0,1.778339147567749,4.452160835266113,cnn_experiments_data/arrays/cifar_8_pure_logits_greedy_5_temp_calibrate_then_pool_2025-11-30.npz,0.8198030279250543,1.6228333333333333,0.9859858206707507,0.9550807882712851,0.044919211728714936,0.03670170522232851,0.03670170522232851,0.22745062140722938,0.9546875,1.6461458333333334
CIFAR,8,pure_logits,greedy_5_post_calib,5,4,0.4386084079742431,1.1035401915868388,0.0,1.0,1.778339147567749,9.273285150527954,cnn_experiments_data/arrays/cifar_8_pure_logits_greedy_5_post_calib_2025-11-30.npz,0.8453850677216884,1.5344166666666668,0.9873115770553499,0.9574786289938481,0.04252137100615194,0.007817830085754374,0.007817830085754374,0.21577073886976286,0.9495833333333333,1.515625
CIFAR,9,pure_logits,greedy_5_baseline,5,4,0.4776236116886139,,,,0.3854224681854248,0.0,cnn_experiments_data/arrays/cifar_9_pure_logits_greedy_5_baseline_2025-11-30.npz,0.8054660002228358,1.5985833333333332,0.9857802408594528,0.9549265733616433,0.04507342663835667,0.044412416150172544,0.044412416150172544,0.229168395486208,0.9482291666666667,1.5385416666666667
CIFAR,9,pure_logits,greedy_5_temp_pool_then_calibrate,5,4,0.4713701903820038,0.8510204081632653,,,0.3854224681854248,0.0236058235168457,cnn_experiments_data/arrays/cifar_9_pure_logits_greedy_5_temp_pool_then_calibrate_2025-11-30.npz,0.8453850677216884,1.57825,0.9858935022902656,0.9547968868774812,0.04520311312251879,0.019696911382178467,0.019696911382178467,0.2251697858111254,0.9496875,1.5478125
CIFAR,9,pure_logits,greedy_5_temp_calibrate_then_pool,5,4,0.4767399132251739,0.9337609329446064,1.0,1.0,0.3854224681854248,4.47357988357544,cnn_experiments_data/arrays/cifar_9_pure_logits_greedy_5_temp_calibrate_then_pool_2025-11-30.npz,0.8054660002228358,1.5655,0.9857353924878838,0.954699895496224,0.04530010450377597,0.037107178484400136,0.037107178484400136,0.22854081103893736,0.9484375,1.5448958333333334
CIFAR,9,pure_logits,greedy_5_post_calib,5,4,0.4505538642406463,1.0932944606413992,0.163265306122449,1.0,0.3854224681854248,9.791156530380247,cnn_experiments_data/arrays/cifar_9_pure_logits_greedy_5_post_calib_2025-11-30.npz,0.8330834261251312,1.5150833333333333,0.9867453971391843,0.9563034578422459,0.04369654215775409,0.008028998990853605,0.008028998990853605,0.21922787578120573,0.95125,1.5204166666666667
